25.9157,74.8092,0
29.8362,70.2021,0
52.7198,78.4502,1
36.1081,75.2636,1
27.5295,95.8569,1
20.81,76.5577,1
21.6573,63.2255,0
27.5623,52.6806,1
27.5546,66.8094,0
38.766,71.4107,1
38.4745,63.2213,1
53.884,75.7275,1
18.2198,56.9294,1
27.3888,70.9574,0
18.5942,83.8156,1
31.8018,74.8662,0
8.27568,74.767,1
37.9048,79.2881,1
35.2621,70.3654,1
19.9369,64.7016,1
28.5324,89.4338,1
32.3718,80.3939,0
29.6407,72.455,0
39.8479,67.301,1
27.2673,73.5154,0
43.8766,85.301,1
23.3219,58.2995,1
33.6994,83.6592,0
29.7625,64.0699,0
27.4667,72.3485,0
30.2509,68.4405,0
21.6811,61.9517,0
26.2623,74.236,0
22.4145,80.1843,0
19.9337,74.5566,1
40.2313,66.4288,1
20.4705,74.3348,1
24.1056,88.8214,1
25.0322,75.5973,0
33.575,82.7165,0
29.3961,76.2945,0
31.8141,78.0491,0
21.3372,80.6116,0
18.874,94.3124,1
28.0206,76.0309,0
23.2482,88.6804,1
18.5686,85.2837,1
38.5639,63.4872,1
42.4624,100,1
22.7192,52.8672,1
31.9425,71.6868,0
35.9475,66.0195,1
24.7276,62.2265,0
29.1488,68.9152,0
22.4981,51.1415,1
29.6885,73.1989,0
43.7932,66.8495,1
32.8303,92.96,1
33.7936,58.2541,1
24.6254,54.486,1
42.5584,90.2083,1
18.9162,51.7431,1
28.0145,76.2792,0
22.9868,82.9052,0
38.8864,69.2638,1
23.4307,69.2479,0
10.8487,76.8033,1
20.6583,76.9616,1
25.2585,78.9798,0
27.8253,87.8615,1
43.5535,79.7075,1
35.3473,86.8894,1
28.6814,72.8546,0
19.4377,63.7227,1
28.0454,74.5424,0
2.18047,72.9048,1
35.087,88.6214,1
34.4927,68.7924,1
27.2717,89.6151,1
27.1567,72.66,0
29.4719,79.9666,0
25.4656,66.5711,0
23.7136,69.252,0
33.2516,84.7406,0
25.4449,62.8304,0
29.2604,70.8866,0
20.2771,74.6886,1
22.6335,84.7302,0
32.4086,85.2651,1
23.9293,76.7497,0
33.0733,79.1775,0
11.9746,64.9517,1
23.3699,58.8809,1
12.389,67.9903,1
33.8117,66.6939,0
20.3294,75.3961,1
30.7174,90.3886,1
33.8095,66.0135,0
32.0777,79.3706,0
22.6649,76.9323,0
39.2816,57.7512,1
35.3521,50.878,1
12.5502,78.998,1
26.9471,93.0296,1
24.1125,55.0052,1
20.3028,80.9738,1
41.5548,64.8483,1
21.2733,71.6211,0
15.8553,73.3328,1
9.80906,63.1016,1
25.5197,79.8636,0
29.3177,67.412,0
28.1776,57.1157,1
31.6789,75.9897,0
15.287,80.0986,1
24.2935,79.4527,0
40.2658,76.889,1
39.8196,87.2112,1
20.7607,78.3988,1
29.7053,77.8004,0
26.2508,71.5384,0
23.5781,71.3791,0
16.2026,87.541,1
17.123,69.7237,1
30.3389,79.4719,0
25.544,59.924,1
16.2929,60.1843,1
34.0466,85.8434,1
40.2764,80.4898,1
31.3252,84.7621,0
2.18545,67.2936,1
17.9811,69.0974,1
21.5466,66.7121,0
26.6422,78.5013,0
20.9377,58.5065,1
44.8694,82.3504,1
27.8968,59.6315,1
27.2594,75.0029,0
27.0215,79.0589,0
14.9663,80.7765,1
11.6386,73.2601,1
21.8247,95.3208,1
39.0523,89.2883,1
53.0504,84.1763,1
30.6795,79.8982,0
15.7442,51.2857,1
39.7194,83.1347,1
26.2073,74.7149,0
45.2504,84.2634,1
15.4824,81.1127,1
24.179,73.9459,0
27.7255,92.998,1
24.7473,56.0927,1
34.0927,91.619,1
37.4672,89.5349,1
32.0052,63.5977,0
21.8399,66.6391,0
36.1858,75.3922,1
36.615,72.2988,1
9.41128,69.6733,1
30.2973,86.5113,1
28.8046,88.949,1
14.4895,82.0325,1
31.3637,69.7416,0
11.3462,70.4367,1
23.2424,90.1157,1
22.3352,70.4315,0
29.9037,83.8978,0
37.8688,81.0634,1
4.67685,77.5404,1
7.59138,75.2875,1
26.3652,94.5235,1
40.6967,60.6017,1
33.6782,64.0155,0
16.8942,71.367,1
33.8016,62.6932,0
17.6815,76.5426,1
32.1574,78.8312,0
38.4808,77.6482,1
27.7409,60.1798,0
28.626,90.8184,1
30.8306,82.5017,0
24.5377,93.7395,1
7.38532,66.2791,1
17.9804,62.0003,1
25.5949,71.5716,0
23.1493,70.6161,0
25.9077,76.2977,0
40.5199,77.7043,1
13.0265,90.4099,1
33.5315,77.7155,0
8.3915,70.8388,1
26.5997,71.3817,0
33.0562,68.3946,0
30.2876,77.026,0
31.802,78.2513,0
27.6429,74.8586,0
26.6009,80.1025,0
32.8117,62.9466,0
27.4025,77.176,0
24.9692,82.3434,0
20.7185,69.6556,1
26.6064,77.2432,0
44.1069,64.8575,1
37.3971,80.0374,1
37.7086,54.0646,1
27.8805,73.9937,0
10.2019,76.646,1
31.3044,97.016,1
35.3555,82.4096,1
36.9273,96.6025,1
30.2077,82.0651,0
24.684,68.213,0
19.8783,63.5145,1
21.6588,52.8977,1
9.16331,69.6979,1
28.1126,67.7015,0
23.585,66.783,0
25.5346,79.4615,0
24.5625,70.952,0
29.7751,77.0694,0
17.5397,77.7946,1
7.9338,80.8008,1
33.6126,52.7904,1
23.7437,71.5771,0
48.636,70.5293,1
27.6248,77.4506,0
33.4279,100,1
40.4575,73.9052,1
42.5175,65.1975,1
14.7884,70.4214,1
29.5372,77.7837,0
21.4462,68.6776,0
39.019,69.694,1
28.7715,87.3912,1
27.2774,64.5451,0
13.3524,77.0668,1
40.8463,66.6993,1
31.0913,70.8829,0
23.5126,60.6155,0
19.3038,86.197,1
25.3381,67.0453,0
33.1596,76.7301,0
23.1873,67.9173,0
38.6706,70.7417,1
32.0227,68.357,0
30.1484,54.1185,1
46.248,71.0759,1
35.3473,76.3098,1
29.22,82.6046,0
19.0771,65.477,1
26.8711,57.7125,1
38.4728,76.6724,1
19.7729,83.0373,1
45.9995,77.2766,1
12.4087,71.7527,1
33.5706,77.6703,0
36.9984,63.9694,1
9.33939,75.5666,1
43.1309,75.5823,1
19.5996,78.5759,1
28.4642,84.2732,0
34.1286,66.9008,1
43.854,73.6757,1
23.7101,65.5889,0
23.5524,66.3443,0
48.3783,82.736,1
28.7876,78.7817,0
33.3798,81.9083,0
37.5435,73.4584,1
16.8822,74.539,1
21.082,91.3728,1
20.582,73.9621,1
44.5693,72.96,1
33.5791,58.0242,1
19.8507,81.1351,1
20.768,62.3245,1
32.6576,72.6558,0
22.5168,68.3376,0
39.0848,88.7942,1
37.0246,65.9529,1
38.7268,71.3717,1
42.5347,65.7032,1
15.7459,56.387,1
30.5568,100,1
26.3498,79.4137,0
42.9949,49.6646,1
22.0347,56.5338,1
28.9786,91.381,1
20.5821,67.5274,1
22.1431,90.5428,1
21.7206,81.8754,0
21.9225,78.5246,0
23.4033,79.431,0
36.0509,55.3979,1
20.2698,75.2005,1
48.9501,65.8192,1
43.5026,63.2607,1
29.1948,57.5462,1
18.9272,69.331,1
24.305,95.3629,1
33.2458,67.532,0
24.3835,79.9816,0
32.9309,76.1163,0
30.1504,77.8501,0
22.9348,71.0512,0
32.5973,58.0988,1
31.2159,71.1352,0
25.4384,88.9524,1
27.2001,71.9484,0
19.2649,80.9353,1
28.4737,84.4008,0
32.7053,85.1681,1
21.1045,70.0926,0
33.4626,83.5406,0
13.3767,80.6371,1
37.2942,73.5586,1
39.5207,63.5426,1
24.782,77.6516,0
29.151,70.9915,0
29.5548,76.8935,0
10.3808,76.294,1
31.0215,63.9435,0
27.7982,81.6253,0
23.4456,60.3555,0
23.8483,76.5301,0
18.383,63.2169,1
19.6296,60.4636,1
21.3718,86.2539,1
31.3473,78.1944,0
35.8899,62.7377,1
26.6022,77.6992,0
28.7947,91.7357,1
20.7962,69.2358,1
21.6937,83.2754,0
30.9004,60.5156,0
34.2605,57.7371,1
28.779,66.372,0
36.7826,77.8327,1
29.0749,64.3064,0
27.6289,61.8865,0
18.1721,82.2424,1
-0.791645,92.6527,1
40.474,81.1496,1
34.6902,75.8527,1
37.3133,66.9846,1
19.7147,66.6189,1
26.167,80.0537,0
39.6494,81.5627,1
27.4898,85.0608,1
26.0855,74.9141,0
34.3399,59.2736,1
27.2338,81.0525,0
20.2192,73.67,1
25.7237,54.8467,1
34.7673,72.5394,1
49.8371,65.2254,1
18.509,74.1592,1
43.2066,85.5843,1
34.3432,75.4463,1
43.0088,77.8963,1
21.2066,72.47,0
33.8713,73.9591,0
25.8749,74.9841,0
35.4067,69.987,1
32.9025,84.4114,0
17.0012,65.096,1
30.234,65.581,0
42.285,81.0381,1
44.1403,76.6076,1
35.5991,85.6231,1
33.9663,64.6839,0
27.6045,80.5877,0
31.958,68.7145,0
18.377,64.0973,1
30.5621,90.0179,1
24.0237,81.8203,0
31.0194,79.3821,0
39.3976,71.0925,1
15.6943,86.5617,1
28.1704,61.618,0
29.0121,72.4767,0
31.1875,69.8075,0
17.5544,77.7933,1
45.8806,85.3156,1
21.8266,78.8365,0
28.548,80.4126,0
30.1366,78.9835,0
46.5673,75.5935,1
38.7494,76.2619,1
29.7546,84.3832,0
35.7788,95.1543,1
33.4671,70.9075,0
17.1845,81.1167,1
7.20397,61.6643,1
31.3299,77.5618,0
20.356,85.5696,1
24.0808,69.4129,0
28.1726,79.0351,0
22.1981,74.1247,0
42.8868,90.1357,1
25.3836,55.3639,1
23.14,84.6124,0
30.6248,68.3929,0
1.04794,63.6883,1
30.9785,81.9901,0
31.4407,76.1747,0
29.0081,73.9018,0
19.5169,76.3759,1
22.061,80.8859,0
23.3192,65.1403,0
31.8479,75.0682,0
23.4116,78.4215,0
15.7359,76.6092,1
55.3935,70.4686,1
19.3825,82.7606,1
24.4644,78.4985,0
22.3499,92.604,1
14.911,55.7567,1
20.5228,84.9874,1
36.0794,90.4916,1
35.3542,87.5038,1
26.0716,77.7424,0
32.0296,68.8618,0
23.2147,76.7971,0
33.366,71.3325,0
23.5841,70.2465,0
28.2005,89.6412,1
24.7745,69.2221,0
28.0777,74.7659,0
30.7759,57.2928,1
33.2659,74.4871,0
32.7069,82.2963,0
29.7578,69.5187,0
25.1646,52.4781,1
17.1876,87.2602,1
32.7193,79.2751,0
13.0517,80.4214,1
30.6399,74.4534,0
30.1691,79.5967,0
32.7574,70.7157,0
32.5949,76.8195,0
24.7125,72.1701,0
43.1918,78.7415,1
22.3061,78.0894,0
40.5009,73.6836,1
26.6875,46.2929,1
42.2439,64.9668,1
24.2019,91.527,1
32.0004,69.8141,0
24.9548,78.5922,0
21.5357,68.9309,0
17.7439,83.6555,1
34.0883,62.4171,1
30.4246,67.2242,0
27.377,74.1855,0
9.31322,86.7741,1
21.7989,79.1853,0
28.2303,83.3992,0
32.7839,77.8297,0
27.9155,82.1508,0
35.9111,72.7235,1
22.0183,69.0851,0
15.402,80.8995,1
21.0104,83.684,0
6.98309,81.1878,1
14.1793,68.9585,1
33.4787,64.9622,0
28.8935,75.3931,0
34.1234,84.1734,1
9.8623,83.5116,1
23.5285,81.3235,0
19.5587,58.4922,1
41.9606,76.1576,1
34.0276,56.6782,1
21.1185,69.8118,0
20.7445,69.7601,1
25.513,91.1183,1
27.7081,72.625,0
25.5173,92.9016,1
33.0493,67.2028,0
40.7451,75.4604,1
27.7403,76.1654,0
41.7867,79.4255,1
25.4736,64.2874,0
44.3402,88.8253,1
25.9423,77.0673,0
20.6605,83.5879,1
18.0773,81.0139,1
27.6103,65.026,0
24.0869,66.9815,0
29.717,60.9555,0
27.2664,56.9016,1
23.7756,66.8803,0
34.5047,72.8204,1
31.8827,73.9826,0
25.8277,68.95,0
33.7093,85.281,1
11.0891,73.5467,1
22.3848,65.7024,0
30.056,70.8717,0
29.5151,72.6344,0
25.3557,78.1547,0
16.2576,63.7736,1
30.6875,83.8179,0
31.3223,81.3223,0
21.6513,64.0206,0
23.5701,74.9969,0
19.4349,75.1041,1
37.9073,56.8481,1
16.9806,87.2964,1
19.9115,83.9375,1
6.8142,76.6292,1
25.412,83.486,0
37.9115,90.5441,1
22.5279,78.3662,0
27.8489,57.8437,1
28.5875,92.2637,1
11.7652,61.0937,1
16.8514,79.8129,1
40.8224,67.6464,1
28.8233,70.0209,0
32.0029,61.5075,0
35.5446,82.9223,1
27.2148,66.3805,0
35.2243,86.2271,1
19.7359,79.2775,1
19.3111,67.8404,1
29.1026,81.2134,0
32.6875,75.2455,0
27.176,73.7561,0
39.8985,83.8943,1
18.2352,92.1469,1
14.8675,57.264,1
28.9525,63.0441,0
24.5326,64.8538,0
29.8035,80.4939,0
22.9905,87.1314,1
38.925,67.95,1
23.736,77.4365,0
24.7244,74.4745,0
20.3754,77.8095,1
16.4364,82.1308,1
26.7707,59.3021,1
28.4743,75.5732,0
31.5999,89.5874,1
23.7947,79.0016,0
26.8563,63.7187,0
23.6243,87.0166,1
21.3166,74.161,0
12.5909,100,1
32.0632,68.4791,0
35.6226,80.6849,1
15.1026,69.288,1
47.7816,83.996,1
27.7426,79.3381,0
37.1812,98.8869,1
30.4087,79.1619,0
29.1328,79.1828,0
35.5379,70.103,1
36.2578,81.8694,1
23.6479,66.8246,0
30.8389,88.888,1
27.2456,87.3962,1
22.274,76.302,0
22.0093,81.4955,0
20.8422,82.3863,1
36.8275,83.7579,1
26.3095,66.667,0
47.937,80.488,1
33.5399,70.6436,0
30.4411,75.6185,0
16.3296,75.6671,1
31.3368,79.216,0
36.4123,55.7318,1
31.8328,70.8524,0
24.7875,67.8947,0
33.7209,61.5454,0
32.1422,73.9734,0
28.497,64.0488,0
39.6335,71.0782,1
8.14803,71.2567,1
40.9279,67.578,1
21.5366,59.2145,1
29.6447,75.8689,0
19.2583,74.7364,1
23.442,73.7883,0
20.8908,86.4147,1
38.9304,77.9555,1
20.7857,83.8239,1
16.5879,66.565,1
20.9196,77.5449,1
20.916,80.0071,1
29.2879,70.6242,0
40.5061,84.6358,1
29.7968,73.9948,0
32.2405,78.6371,0
36.1779,71.1651,1
15.507,70.0681,1
17.4183,70.4676,1
27.769,75.861,0
20.9383,72.63,1
32.625,50.0497,1
31.7274,85.9461,1
42.5511,78.9719,1
27.6342,65.8292,0
32.0889,75.2161,0
35.0581,72.9304,1
28.2193,81.3245,0
26.1047,71.5304,0
26.8438,76.0159,0
41.4691,73.2135,1
20.5749,85.1711,1
27.0823,73.5644,0
26.7461,71.9409,0
35.064,77.9922,1
34.0918,84.2398,1
35.7552,66.9792,1
31.0862,89.1223,1
36.4876,86.403,1
36.9927,81.1855,1
24.2035,71.8386,0
34.3145,78.3773,1
37.9019,85.8405,1
32.9709,61.6232,0
16.4246,76.8814,1
39.9059,80.4604,1
26.1541,65.3657,0
39.6698,80.3917,1
20.4177,97.5333,1
33.894,90.4846,1
21.7207,58.4225,1
18.5098,73.6449,1
36.2203,69.2232,1
47.2585,90.5274,1
17.467,78.2329,1
28.5822,69.4662,0
19.9004,75.7127,1
15.3454,97.0562,1
23.8683,63.8733,0
31.0071,77.8376,0
30.8313,94.4455,1
25.333,74.8041,0
30.1674,67.1617,0
12.9689,70.2952,1
27.4568,61.5714,0
33.5279,71.7825,0
35.1315,56.4675,1
25.5877,74.9188,0
27.9713,95.1503,1
18.4267,89.2357,1
45.1699,66.6076,1
24.844,68.2679,0
37.3846,73.6818,1
24.7059,84.2532,0
26.0248,79.7138,0
49.3635,78.2927,1
29.6188,66.2855,0
25.0963,75.9176,0
24.9931,78.1597,0
24.8007,78.0216,0
32.8246,69.4609,0
16.0822,71.2759,1
27.225,74.3101,0
17.8617,74.0076,1
33.0341,67.2359,0
30.91,82.6526,0
36.4475,72.5014,1
26.1597,78.5253,0
34.406,71.9318,1
31.1046,63.7243,0
21.6951,80.1362,0
32.3646,65.7639,0
23.7196,63.528,0
24.2004,66.7408,0
19.1412,84.1338,1
32.7104,76.6091,0
39.8958,85.9601,1
21.6004,76.7021,0
22.2379,64.0532,0
34.9342,77.0723,1
34.1971,71.954,1
13.1679,83.6024,1
29.8363,93.2747,1
22.7893,66.5575,0
28.7912,64.6466,0
29.3408,70.4415,0
29.1227,70.6122,0
35.9345,78.2707,1
26.4604,76.4997,0
23.5627,80.888,0
29.4887,73.553,0
37.7025,89.5678,1
27.9714,80.4248,0
33.9788,82.2048,0
23.2437,82.7934,0
24.2855,75.5477,0
27.1055,84.4179,0
33.3999,71.821,0
21.1686,70.5939,0
35.7363,69.8876,1
37.5126,91.2203,1
19.0871,71.6647,1
39.3657,81.1316,1
22.1162,72.0181,0
22.198,74.0582,0
15.4998,68.3473,1
32.6104,71.8029,0
21.828,55.9042,1
13.0357,78.3734,1
26.832,69.0095,0
29.606,71.3389,0
38.7659,80.7741,1
29.8851,75.5103,0
32.3381,93.7125,1
21.7411,85.1021,1
36.978,78.4551,1
21.4319,74.5827,0
24.0439,84.3257,0
47.0226,58.5487,1
29.8348,87.265,1
30.9599,86.8362,1
37.7887,98.1502,1
25.0963,78.3629,0
29.2598,74.276,0
28.5905,76.9332,0
33.207,82.1093,0
24.1401,85.9077,1
28.1775,65.2818,0
11.9225,73.5326,1
23.2978,68.3884,0
29.9418,68.6592,0
16.4455,58.5341,1
25.1536,87.3095,1
22.4186,68.493,0
11.6407,83.624,1
28.1308,67.0986,0
22.9846,79.3055,0
27.7827,56.4851,1
30.0953,90.9453,1
32.5217,70.7983,0
31.9875,76.8543,0
35.1041,86.2431,1
15.8591,64.148,1
32.3113,75.8839,0
10.1285,80.4059,1
33.472,87.1198,1
26.3547,64.8449,0
39.4771,77.5661,1
38.3619,61.5017,1
27.9161,73.1537,0
15.0349,79.6615,1
26.724,61.9329,0
33.8872,80.0447,0
31.9518,85.1511,1
21.1199,94.8035,1
12.2948,78.5436,1
23.8338,69.4008,0
12.4688,70.1973,1
34.7523,94.1417,1
16.339,78.8761,1
28.4743,81.9031,0
25.5559,75.5293,0
30.1286,73.1976,0
29.2505,63.4096,0
19.1551,86.1852,1
23.9109,53.4055,1
28.8599,64.4965,0
40.976,71.132,1
19.1935,56.3554,1
20.5353,61.6756,1
19.4551,64.0176,1
48.5928,89.6365,1
36.6077,80.4978,1
37.272,85.9398,1
28.8527,85.9265,1
22.3875,72.4072,0
-0.89444,58.9502,1
22.9418,86.6487,1
29.3443,78.6372,0
24.2884,58.1792,1
29.179,70.9934,0
36.7856,66.516,1
25.0341,85.1986,1
8.8331,68.9075,1
15.406,75.1425,1
35.581,65.1637,1
39.3046,71.6161,1
19.0346,74.2224,1
30.6253,77.0035,0
22.8064,75.5779,0
14.8093,65.7574,1
27.0524,80.1941,0
33.9574,67.5297,0
20.5002,60.9162,1
6.03679,66.287,1
42.9527,59.2217,1
34.5305,91.6071,1
24.7604,69.3506,0
22.4764,69.1275,0
31.5799,52.2902,1
46.6932,65.7424,1
24.6954,70.2939,0
25.6299,89.8946,1
27.8903,68.0646,0
41.0463,94.3412,1
21.0768,77.4825,0
27.2605,81.8,0
36.0987,63.5001,1
33.3991,67.4846,0
44.1263,74.0228,1
31.8267,53.7073,1
13.4121,90.6056,1
33.3378,85.5645,1
33.376,65.1815,0
20.1819,81.5851,1
29.8671,85.5558,1
36.0231,60.8952,1
27.9371,70.4797,0
27.3895,87.768,1
26.9514,75.4246,0
22.2135,69.9113,0
29.8226,67.2857,0
34.8738,73.6369,1
35.0433,64.6234,1
25.328,72.8032,0
30.8748,74.3057,0
23.6709,70.3714,0
31.9882,78.3066,0
42.3238,84.8277,1
9.84207,87.1827,1
12.9898,79.668,1
13.9651,84.1854,1
22.9645,72.3166,0
23.3139,76.8529,0
11.9674,68.3858,1
24.8181,72.7347,0
43.0949,58.8921,1
35.2695,82.7251,1
26.4242,84.265,0
18.45,74.8943,1
35.675,69.86,1
20.5341,88.5954,1
20.7547,70.6781,1
28.6385,67.1117,0
25.658,69.0184,0
37.9913,73.2257,1
30.1103,61.8887,0
26.6199,76.8191,0
18.8864,82.0934,1
31.1265,81.2198,0
24.3452,85.283,1
31.3175,79.3265,0
25.2871,74.0828,0
12.0092,71.3009,1
34.928,59.7728,1
21.0529,71.4982,0
17.4211,82.3613,1
38.8872,86.9505,1
27.468,79.8666,0
21.556,85.5743,1
28.45,68.9152,0
19.2101,60.5175,1
42.161,80.3883,1
23.9755,70.3273,0
33.133,71.0117,0
33.2056,70.1757,0
23.5803,67.3329,0
41.2017,68.0695,1
28.4256,79.5772,0
35.0692,75.7114,1
29.3946,63.8728,0
37.2136,77.4037,1
28.818,74.1242,0
21.8814,73.0098,0
24.3996,70.4762,0
58.1793,74.5319,1
33.59,63.9357,0
23.8662,80.0606,0
20.9055,75.262,1
43.0978,75.741,1
28.2002,51.3276,1
22.7943,67.8914,0
31.9361,86.6215,1
31.9298,72.508,0
30.6897,81.0394,0
42.21,63.7568,1
26.0704,68.1313,0
19.9864,76.228,1
27.123,83.5492,0
15.0533,75.6929,1
3.35519,98.1339,1
24.3027,74.1041,0
30.2199,82.0424,0
29.4625,72.0714,0
28.6334,64.6885,0
23.4046,64.7928,0
28.526,95.2777,1
36.6745,88.0612,1
40.9653,49.1531,1
16.5531,71.1694,1
33.8699,69.6952,0
22.8353,82.3132,0
37.8624,66.469,1
30.2926,77.4685,0
46.5706,74.6853,1
21.5787,76.0047,0
17.7174,68.0647,1
36.6564,63.1514,1
37.9733,82.7731,1
13.0979,77.142,1
39.2475,45.6663,1
22.795,54.6898,1
23.203,61.7755,0
27.229,72.7463,0
28.3951,61.4208,0
19.7334,82.7812,1
28.9103,76.1859,0
39.0389,75.4053,1
32.8094,86.526,1
28.2709,87.2209,1
8.92393,72.4055,1
15.9853,74.7815,1
33.1555,72.3372,0
14.3514,75.7816,1
24.5844,67.4782,0
24.3078,81.1652,0
22.2392,81.1003,0
28.5804,81.9763,0
21.9709,67.7098,0
17.0615,90.7738,1
29.9837,82.1851,0
36.9814,93.1032,1
24.6444,81.7839,0
25.4914,80.5502,0
25.5023,62.7894,0
40.1865,71.6927,1
38.7318,76.1475,1
33.6327,82.725,0
38.4664,64.7319,1
26.5956,93.4672,1
24.4825,67.2132,0
37.5996,77.5042,1
36.4821,85.603,1
35.2381,72.7686,1
31.9754,56.5611,1
36.633,88.4366,1
30.6968,68.6124,0
20.0323,70.3182,1
31.8277,71.4603,0
36.1625,65.1376,1
18.266,61.0476,1
24.3049,71.8569,0
19.7916,69.5116,1
31.0434,62.3988,0
23.7891,74.444,0
25.1496,78.0843,0
17.6161,56.5845,1
23.0791,68.4647,0
18.1582,62.1073,1
33.952,72.9517,0
40.2861,74.8305,1
25.6518,56.7955,1
22.6601,91.4321,1
15.4214,70.0063,1
12.8827,74.9747,1
24.6996,88.9369,1
30.6358,74.7891,0
31.1961,81.5429,0
14.2007,87.236,1
28.4834,94.8471,1
30.203,71.6461,0
29.6549,67.4134,0
29.5725,60.766,0
45.9808,83.6058,1
30.0872,90.1356,1
22.5457,88.3645,1
37.0248,65.9581,1
27.0522,52.856,1
22.979,76.4115,0
25.9613,67.43,0
36.3177,65.8174,1
20.928,72.8552,1
20.027,77.6132,1
32.1122,90.6439,1
27.3681,85.5034,1
23.8134,99.9134,1
19.7875,58.9242,1
20.5806,45.5608,1
45.897,81.4697,1
18.5676,65.1467,1
43.8443,85.6949,1
38.0397,74.037,1
20.3946,94.7356,1
29.2827,65.9783,0
26.6656,60.5335,0
22.5564,68.3049,0
23.6745,61.6284,0
36.9901,63.0528,1
22.5072,75.1377,0
20.8228,50.0602,1
33.7577,58.5518,1
15.3172,93.7611,1
19.434,70.1027,1
19.6967,75.5659,1
27.0803,79.6702,0
25.3769,78.072,0
37.1052,57.4129,1
25.4648,76.5875,0
30.873,59.2835,1
20.114,68.8127,1
30.838,77.1244,0
27.9279,97.5831,1
39.9246,84.4901,1
27.1076,77.52,0
43.6104,73.302,1
34.2698,73.3557,1
26.8532,84.6547,0
29.2924,69.1836,0
30.0318,84.1034,0
22.5652,67.3281,0
29.6238,72.9062,0
48.2056,80.7929,1
29.2066,67.9852,0
18.3186,73.8213,1
24.1371,78.7505,0
33.489,64.8878,0
25.0587,79.8663,0
11.9903,86.682,1
33.2448,82.546,0
28.3365,69.2065,0
27.9279,70.7785,0
23.1268,78.5139,0
33.782,86.835,1
28.1985,75.0527,0
21.3388,71.8521,0
22.876,70.2534,0
34.2577,64.5663,1
18.2264,74.3744,1
33.5333,79.6233,0
29.4136,65.7892,0
33.4551,84.4267,0
31.8433,79.5131,0
32.1013,82.3234,0
27.562,80.5264,0
18.0821,74.1376,1
32.5238,74.3955,0
32.1707,87.311,1
25.6387,81.7781,0
37.399,61.9556,1
37.4181,72.3323,1
25.1699,71.273,0
33.3785,89.1416,1
37.2103,79.9116,1
23.1871,81.9696,0
21.1254,78.2256,0
28.0396,73.7423,0
23.0871,64.7285,0
28.9057,62.1499,0
21.1946,62.9352,0
29.8159,72.6706,0
23.4368,62.7358,0
31.6494,65.2476,0
31.7948,87.5384,1
24.6408,67.9617,0
29.0094,69.2652,0
31.1857,82.0679,0
15.2195,62.3806,1
40.733,66.3027,1
30.9186,76.8943,0
21.3139,94.7144,1
28.9318,99.5558,1
26.8414,77.571,0
29.8303,63.0469,0
24.2792,74.4671,0
15.2002,81.2552,1
15.0198,67.2115,1
28.8575,70.4818,0
39.2669,79.3639,1
36.5598,82.6361,1
32.9486,72.0914,0
23.0757,70.1104,0
19.9783,61.4877,1
23.5653,78.1279,0
31.009,81.0014,0
30.1541,73.2056,0
26.8778,69.6599,0
21.492,62.521,0
12.2136,81.4658,1
8.78019,84.1133,1
24.7756,76.2776,0
30.3948,71.4771,0
38.3298,75.49,1
15.1071,66.2247,1
20.0098,66.2373,1
22.1114,69.6302,0
48.5924,76.354,1
22.0758,67.261,0
13.2962,64.8883,1
26.6233,82.7388,0
34.5194,79.5973,1
30.2709,65.1376,0
12.4479,58.8268,1
43.5544,70.213,1
24.9809,80.3631,0
3.84836,75.7191,1
38.7241,91.3036,1
45.2376,78.5024,1
28.083,65.1783,0
22.3602,64.2039,0
25.3508,73.2482,0
39.8131,86.2235,1
40.1707,89.1946,1
24.6782,84.4311,0
28.4587,82.4606,0
28.6536,68.0441,0
32.7973,81.9139,0
24.8329,76.5669,0
46.6846,79.098,1
36.5183,83.9111,1
14.19,80.1204,1
35.0587,75.2883,1
11.3955,68.5374,1
29.9513,58.1823,1
26.5408,74.5199,0
45.8677,87.7473,1
21.6587,76.4452,0
24.8948,69.5681,0
31.6677,73.7147,0
28.9172,51.8778,1
40.9739,67.9572,1
35.3824,73.7905,1
25.5633,74.3345,0
22.2005,87.6411,1
36.6469,71.9138,1
21.6489,70.5136,0
28.2747,78.8622,0
41.516,63.2649,1
34.6507,71.0119,1
32.188,72.8867,0
39.1333,72.9439,1
28.0138,73.3204,0
16.6057,89.6689,1
32.6408,79.4405,0
22.3663,69.2921,0
23.1091,79.2201,0
23.8519,46.1775,1
31.0115,88.1392,1
27.5654,65.2718,0
25.7534,67.7584,0
13.5254,63.9223,1
40.8746,82.6463,1
40.9431,78.6919,1
24.4228,58.5973,1
25.8542,78.8793,0
18.9543,62.5623,1
25.715,75.9042,0
30.7887,67.9529,0
15.9344,63.152,1
21.3817,67.719,0
25.3784,72.9769,0
36.3067,98.946,1
8.8897,60.5894,1
38.0248,80.659,1
4.6884,72.1677,1
38.9848,81.2675,1
31.4586,64.6291,0
34.0036,65.6701,1
23.1065,87.1226,1
25.9153,63.4816,0
37.409,67.3086,1
21.284,63.0526,0
12.153,63.6375,1
35.54,77.789,1
29.6884,83.8808,0
21.0341,68.7452,0
39.9504,79.8943,1
22.7406,72.8496,0
21.1399,93.743,1
18.4066,74.1033,1
32.3693,82.8539,0
27.1387,64.7006,0
33.8826,64.5278,0
18.6636,71.0755,1
25.5914,79.8348,0
28.8485,76.8167,0
43.5004,80.4793,1
14.1326,77.1811,1
23.2037,68.9579,0
25.2126,67.4752,0
47.1248,70.8419,1
25.407,73.3831,0
16.1481,96.7747,1
33.2905,83.2633,0
28.7944,63.9454,0
33.1106,83.5681,0
12.9648,69.7127,1
22.3409,52.5804,1
25.2681,76.8431,0
28.8201,69.1204,0
51.3577,85.4601,1
14.8388,85.1122,1
22.3781,79.0444,0
18.3937,84.2796,1
27.476,61.7413,0
23.6113,68.5096,0
46.2343,50.8619,1
32.395,77.5773,0
31.2499,76.4179,0
32.1832,76.5914,0
28.2678,76.5799,0
24.6318,70.7265,0
24.9529,89.2764,1
27.2975,82.1993,0
29.0545,75.1001,0
20.9986,70.168,1
26.1624,87.579,1
38.987,48.173,1
22.402,74.2169,0
27.446,69.7921,0
2.76258,68.816,1
21.6959,73.5403,0
23.1179,85.8818,1
38.6428,80.4049,1
29.0586,78.2614,0
30.9015,90.8904,1
17.9184,67.3059,1
23.2301,54.2072,1
24.7008,74.7725,0
31.9536,84.226,0
32.2845,55.5616,1
23.4253,79.6536,0
26.0752,60.9262,0
4.50745,68.9075,1
24.7898,80.1767,0
41.7837,84.0428,1
43.5293,80.539,1
25.9018,77.2107,0
16.5259,68.3426,1
38.442,81.7162,1
34.9723,69.0718,1
41.504,77.6731,1
23.9196,88.3626,1
26.4532,63.1178,0
29.0127,56.1502,1
22.0401,70.9057,0
28.1929,71.8149,0
26.1772,69.9837,0
16.7734,67.7471,1
41.2436,63.5384,1
27.4443,83.7313,0
36.6666,78.4083,1
33.6419,73.4446,0
27.3627,57.0479,1
19.7029,64.222,1
15.2823,79.7452,1
37.4143,61.1301,1
26.4265,81.1723,0
24.0235,87.9273,1
23.6441,80.5029,0
28.9556,79.2115,0
18.7732,73.1034,1
23.8854,88.9108,1
26.5366,81.2564,0
25.6141,67.962,0
30.232,79.0276,0
23.6437,72.4704,0
28.6913,66.5678,0
22.2298,71.3855,0
24.1174,68.0968,0
37.1195,67.6572,1
29.5654,49.7675,1
22.1685,79.0669,0
17.6557,73.363,1
25.0902,85.7167,1
32.426,84.1289,0
23.296,67.8188,0
23.414,80.1803,0
8.63654,84.7237,1
7.77283,65.1462,1
34.1113,77.0916,1
29.862,61.8962,0
41.8275,74.9575,1
29.5236,73.8998,0
15.4876,73.3802,1
16.0889,82.0325,1
36.5625,76.4085,1
10.7893,70.5311,1
33.7579,85.1721,1
28.5245,76.1474,0
21.3441,78.0989,0
41.1228,70.1345,1
32.5854,83.0446,0
40.1756,71.6044,1
37.9735,79.2414,1
20.2523,79.1596,1
22.5307,77.9512,0
34.2232,71.439,1
33.1623,74.2427,0
25.5814,90.6072,1
18.1907,74.8122,1
22.3379,78.3506,0
27.1389,62.4601,0
40.6143,68.5613,1
23.9295,73.0604,0
39.4472,67.6108,1
30.2697,69.2794,0
44.2239,41.2763,1
19.803,83.2551,1
33.2421,79.9554,0
37.8021,76.5552,1
23.201,63.8043,0
34.0877,64.3185,1
25.7348,76.6595,0
16.5018,78.0164,1
12.5098,66.0823,1
27.4753,76.3571,0
12.2988,70.1188,1
20.7365,53.1666,1
30.9707,78.1421,0
44.1536,78.7162,1
27.7115,53.3993,1
40.1003,55.4627,1
29.9812,66.9657,0
31.6937,77.5927,0
30.6178,67.4833,0
32.4279,88.1689,1
11.4962,93.9514,1
30.1231,83.2084,0
20.8111,78.2977,1
23.6027,87.3466,1
18.1846,77.3708,1
12.9841,62.3962,1
27.1001,80.9164,0
21.3677,80.5165,0
11.38,64.4359,1
32.5623,65.1562,0
29.393,96.8165,1
20.6555,73.3266,1
28.9772,74.2152,0
19.8845,75.9487,1
20.5225,93.3318,1
20.0948,87.1519,1
34.658,66.8172,1
35.602,61.2219,1
16.1717,77.5244,1
35.8537,73.1301,1
61.9388,72.6998,1
22.3734,74.9018,0
17.4057,67.4433,1
7.31648,66.2867,1
40.7357,77.0031,1
31.0218,87.7498,1
44.0468,71.0219,1
27.3192,70.3224,0
37.4213,77.3377,1
33.4493,68.2681,0
27.1295,84.1142,0
22.3825,66.5896,0
27.8616,76.2844,0
23.8488,83.311,0
29.1582,66.272,0
43.0425,88.9311,1
33.6063,72.3884,0
19.1003,56.1692,1
18.3639,73.6124,1
36.7926,77.6056,1
29.3909,75.9526,0
24.7918,74.1505,0
37.9939,78.3431,1
14.3945,69.2304,1
38.8316,81.0533,1
39.4453,75.5367,1
15.8919,84.3222,1
15.6397,64.8313,1
16.4428,69.3425,1
28.594,87.2992,1
25.105,56.5025,1
18.4601,70.0362,1
48.8498,84.9866,1
21.239,67.4609,0
35.8761,60.7397,1
34.1486,77.2861,1
19.4613,75.6151,1
34.2812,78.2142,1
33.6434,72.8302,0
22.8531,66.2946,0
30.8236,67.0099,0
41.1179,82.8042,1
33.5589,61.718,0
40.378,74.4773,1
35.9553,67.1221,1
25.0411,78.5694,0
42.5384,67.4351,1
34.9045,67.4565,1
30.5846,70.0459,0
30.4922,77.5333,0
29.5635,74.6251,0
29.1997,73.6562,0
35.6222,66.3807,1
20.874,70.3582,1
34.9332,59.4005,1
16.4068,80.9955,1
22.7171,89.1858,1
30.6974,82.4248,0
20.5191,83.3484,1
26.8762,73.4075,0
27.9604,82.2402,0
11.0484,78.5713,1
34.7748,73.714,1
14.9768,82.4791,1
27.467,81.4322,0
32.5884,89.9604,1
30.9509,72.2931,0
17.758,84.9301,1
40.9301,58.7148,1
31.9463,79.3482,0
26.8906,78.0033,0
26.5651,91.6214,1
36.7532,69.315,1
27.463,63.2773,0
35.3714,72.9646,1
26.8541,63.4401,0
32.1946,83.677,0
14.1843,94.6334,1
12.8479,71.9829,1
32.8151,82.6119,0
16.6353,75.4016,1
37.4332,44.6969,1
25.9326,65.2666,0
32.8132,76.7117,0
33.5333,64.9155,0
45.8816,64.7637,1
20.9636,74.3218,1
30.0346,77.0464,0
24.2449,83.9268,0
42.3059,89.5504,1
36.5029,76.1306,1
35.8016,92.3328,1
23.9811,61.3733,0
46.232,64.6934,1
24.1464,68.0968,0
27.5992,61.6864,0
37.6274,76.9648,1
29.9669,88.8105,1
41.6243,61.1989,1
38.715,63.6185,1
31.5381,70.6762,0
37.2162,90.0163,1
27.6984,75.4767,0
46.6741,74.7031,1
22.4002,69.9954,0
34.5181,100,1
42.4449,94.6116,1
32.3356,67.9222,0
14.3173,77.9571,1
37.7089,72.5423,1
25.2428,83.8003,0
13.3556,80.1815,1
22.3287,82.2666,0
39.8482,76.814,1
8.7423,63.4862,1
35.5458,89.0954,1
29.0216,91.5141,1
23.0741,74.625,0
22.8793,67.964,0
40.6177,80.3844,1
21.7761,93.776,1
30.645,59.9554,1
33.1474,59.7763,1
26.4991,67.5671,0
23.4302,84.3232,0
22.7219,61.8744,0
23.3889,80.5898,0
21.5388,76.6653,0
22.6484,75.8849,0
44.2131,76.2543,1
42.9525,71.3293,1
24.1406,69.9509,0
25.6801,67.4896,0
32.6942,83.7972,0
21.1292,80.3038,0
40.9924,70.9518,1
30.0341,89.379,1
28.3247,83.4803,0
25.9146,97.2588,1
32.0367,64.892,0
19.7274,78.835,1
22.9577,68.2047,0
19.2355,88.835,1
12.6401,64.941,1
35.029,72.7278,1
37.2408,73.5062,1
28.5973,73.8591,0
26.8416,75.6484,0
34.9382,85.6753,1
15.8875,73.9762,1
19.7017,72.1202,1
17.961,69.9754,1
18.378,80.6902,1
32.8473,71.5596,0
17.2619,74.8294,1
26.5457,70.7983,0
39.8364,77.864,1
34.1382,77.9839,1
30.4162,70.7867,0
19.497,80.6929,1
38.8661,59.6356,1
23.5535,76.9134,0
30.0884,71.4901,0
22.9525,70.3025,0
8.84179,70.4757,1
29.7173,66.2833,0
29.2119,99.6803,1
37.4379,68.9305,1
10.5882,74.7565,1
39.5216,95.8492,1
19.7017,64.3809,1
23.9473,84.0457,0
19.1517,73.7856,1
31.8599,88.0359,1
27.5061,67.8682,0
37.4881,72.8079,1
21.1353,95.1931,1
25.9784,67.6404,0
34.873,74.9142,1
17.9496,84.7484,1
39.5403,72.7205,1
27.5931,67.6148,0
41.7306,61.3719,1
14.129,74.8045,1
21.2264,71.1729,0
43.2651,72.568,1
37.0566,63.7651,1
31.2886,71.5524,0
35.4285,67.6171,1
12.5944,72.8971,1
36.3002,69.8625,1
9.32037,59.5294,1
23.7523,59.5564,1
26.6662,92.8547,1
27.6898,93.7471,1
37.5452,81.3349,1
34.6467,83.5697,1
29.2252,64.3527,0
18.8637,76.0466,1
25.5405,71.4317,0
29.9688,80.5951,0
28.3519,93.9535,1
34.0539,70.2599,1
16.0698,69.2008,1
30.2516,60.4129,0
20.8003,75.5464,1
21.5926,87.909,1
34.196,70.109,1
14.8684,72.8431,1
17.4728,44.9257,1
20.2131,89.2523,1
22.2551,67.1096,0
20.46,91.3547,1
17.3855,92.2296,1
27.1551,70.126,0
50.4546,71.8274,1
28.5477,79.2475,0
39.7535,90.143,1
36.7445,80.1547,1
12.4214,69.4378,1
28.6487,67.9593,0
24.3124,82.1136,0
29.2211,78.1763,0
30.0354,69.573,0
25.8451,81.9023,0
27.2119,81.1964,0
33.5392,77.3891,0
6.9289,78.4779,1
37.799,67.5882,1
30.78,62.6406,0
33.604,68.3198,0
33.0435,79.8243,0
16.2443,64.3786,1
22.6506,72.2599,0
27.5677,78.6506,0
29.5771,82.7271,0
35.6851,67.2299,1
18.31,62.8365,1
34.4389,68.1195,1
27.4637,65.711,0
26.9331,78.7056,0
35.6646,68.8559,1
16.2419,79.9824,1
22.2343,74.1928,0
31.4308,80.0197,0
30.0972,86.6249,1
15.7464,78.3732,1
35.6967,68.5093,1
35.0448,78.8169,1
23.3593,75.8757,0
26.8731,84.3786,0
32.6148,76.2861,0
15.4217,68.8369,1
43.1857,79.0379,1
29.4988,71.2655,0
23.3874,74.8667,0
30.8759,78.1005,0
52.3634,70.4101,1
35.1351,81.5988,1
27.8638,82.0013,0
22.5592,85.4496,1
30.8918,82.4541,0
25.2843,78.4838,0
17.0319,80.927,1
36.2365,79.3892,1
33.0922,83.2571,0
32.9905,80.0735,0
13.1279,89.9887,1
27.4147,71.1022,0
24.567,70.7432,0
39.9903,83.7357,1
16.3389,85.0105,1
32.4331,76.6155,0
33.4008,91.9613,1
21.0587,69.2967,0
15.6622,67.1478,1
21.2642,78.5296,0
24.5267,77.0811,0
26.1092,64.7655,0
25.1997,70.6779,0
36.2312,65.591,1
33.2731,70.6925,0
27.9214,69.1101,0
34.9367,80.2247,1
34.4522,82.9547,1
30.7769,84.7674,0
26.3079,88.3153,1
10.6864,56.691,1
18.8527,69.1435,1
19.9361,60.8457,1
31.5229,81.3441,0
34.836,73.5904,1
29.4268,78.5562,0
9.65027,74.756,1
26.5386,81.9143,0
22.4282,73.236,0
7.6433,86.6725,1
31.8809,80.1582,0
18.849,65.7069,1
20.3738,85.4303,1
33.8227,50.3292,1
22.3059,67.9659,0
17.6578,74.0917,1
37.0828,76.549,1
27.4396,70.8929,0
34.5805,74.0956,1
17.7933,67.8904,1
22.4825,71.9962,0
30.7277,68.4495,0
21.5519,80.4016,0
18.4558,75.3676,1
29.0058,80.1306,0
34.0097,75.3139,1
31.7868,73.3433,0
19.0951,78.5622,1
35.1005,78.3773,1
26.9198,88.9648,1
25.3099,66.3903,0
29.4854,87.4656,1
18.6438,56.9165,1
20.036,76.161,1
27.2657,81.9899,0
38.9721,71.43,1
27.1176,77.6996,0
28.3394,76.5483,0
29.3275,77.7174,0
33.9457,71.9649,0
33.4954,86.8171,1
27.5555,80.3072,0
15.2646,78.3254,1
37.1234,73.0911,1
20.1943,56.574,1
36.4008,66.5618,1
30.7171,70.0974,0
35.5499,63.2891,1
26.8256,72.887,0
38.8152,78.0832,1
24.257,76.6717,0
25.1966,85.5686,1
41.0305,63.406,1
28.287,88.4419,1
29.2429,65.8635,0
31.4403,71.0671,0
27.9137,85.2412,1
38.687,71.9763,1
23.6545,81.8724,0
29.0133,84.5526,0
9.59235,91.0193,1
32.6548,69.1338,0
29.5855,77.8982,0
20.4782,79.4415,1
24.1362,77.3712,0
28.4871,75.7253,0
27.6184,79.754,0
22.154,84.4924,0
40.1383,75.2004,1
17.8661,57.87,1
25.6933,86.3878,1
27.2529,74.9829,0
36.3106,75.6057,1
64.367,60.1853,1
14.3006,84.2228,1
29.5276,59.8897,1
48.2947,83.858,1
25.9691,60.6359,0
24.5792,73.7473,0
24.2378,82.2419,0
32.1454,67.7658,0
36.1653,77.174,1
39.0214,79.0036,1
35.539,62.623,1
28.7231,82.8584,0
23.4742,76.5146,0
38.9339,68.4944,1
24.7394,75.9808,0
25.8577,83.0371,0
32.9718,88.1842,1
41.7592,63.6179,1
17.1302,81.9341,1
46.2457,71.2927,1
16.8898,80.3306,1
43.6477,86.4924,1
30.7595,64.1049,0
26.434,59.4575,1
31.4623,69.8547,0
41.3704,81.6644,1
41.0503,53.9818,1
22.7185,73.9035,0
31.303,84.1808,0
21.7275,81.4692,0
22.0174,62.3487,0
33.2832,73.3954,0
32.0401,66.8713,0
30.3853,97.3778,1
28.6452,74.1143,0
32.2688,98.3082,1
17.6609,81.666,1
28.8647,64.3835,0
13.5286,73.8969,1
41.5441,81.5486,1
37.7399,74.5649,1
28.1009,79.1689,0
31.6095,71.4543,0
11.2586,75.6406,1
11.8826,67.8712,1
20.799,83.5943,1
28.197,67.7862,0
19.0963,70.7513,1
35.9172,76.6462,1
36.0102,86.1586,1
17.9764,85.4751,1
28.7084,74.3942,0
39.1518,76.7085,1
22.3315,73.4171,0
37.1117,85.1925,1
25.5611,58.4479,1
34.4879,80.2728,1
21.8246,54.8448,1
28.0021,76.4459,0
32.352,74.0582,0
18.2509,81.1624,1
33.8686,52.3251,1
28.2622,59.9405,1
35.28,69.4058,1
30.2543,77.1658,0
32.7386,72.8648,0
28.6745,63.3407,0
27.4178,84.1271,0
33.2591,65.5924,0
27.1328,83.5917,0
30.2388,84.3822,0
33.2505,63.5372,0
23.0211,79.4377,0
27.5947,61.7453,0
28.6899,64.6721,0
28.28,69.0644,0
28.1698,68.1216,0
35.2081,90.8527,1
18.5457,79.7791,1
27.6719,71.3111,0
16.5889,81.8117,1
22.3164,83.583,0
23.8965,64.817,0
39.5712,89.5261,1
20.2878,74.5731,1
17.4141,65.2404,1
25.353,79.8137,0
15.8256,70.48,1
23.755,81.3899,0
22.9367,60.5667,0
18.5747,78.6394,1
26.1192,71.0445,0
32.4629,77.3257,0
13.431,76.8887,1
32.6113,69.1765,0
26.0252,85.0276,1
40.2269,65.2135,1
22.3933,84.6093,0
32.583,91.03,1
12.9414,60.6903,1
26.2389,74.7972,0
37.0788,88.6156,1
21.4996,86.6447,1
23.6002,79.7899,0
21.8007,64.2559,0
30.4771,66.4824,0
18.2327,84.6516,1
25.6301,73.6888,0
25.8613,81.632,0
26.238,69.0184,0
43.5701,67.4006,1
44.8316,77.8277,1
32.2982,77.5966,0
25.034,80.9005,0
27.1135,78.3212,0
36.1749,70.7091,1
24.196,86.5268,1
27.1406,80.965,0
34.1051,80.7187,1
17.552,77.5507,1
21.0889,69.9325,0
25.8613,83.0451,0
23.5562,68.4897,0
20.8565,65.4198,1
20.3734,84.878,1
49.4925,70.5116,1
25.0846,80.9465,0
31.7688,97.2757,1
29.0385,72.2097,0
26.2003,66.656,0
43.1998,84.4635,1
26.3869,80.3823,0
50.3666,81.7146,1
39.9722,86.674,1
23.8413,61.6382,0
12.8928,68.9594,1
17.496,88.9923,1
14.4379,89.5099,1
30.8491,84.8035,0
28.5716,71.4182,0
23.2627,72.6597,0
31.677,79.3837,0
36.2763,82.4651,1
26.6845,69.9915,0
21.8279,80.2341,0
32.3535,82.0215,0
40.0281,67.5834,1
24.8099,65.6904,0
33.1799,90.4684,1
31.7862,80.688,0
21.4745,81.1807,0
24.3175,75.1328,0
20.9821,79.2688,1
41.0854,96.7348,1
26.8222,59.1135,1
37.1531,62.2798,1
38.185,78.2688,1
25.5692,86.3158,1
31.3288,83.0949,0
19.1386,97.8494,1
34.2774,77.9961,1
36.0446,79.3138,1
33.1058,67.1982,0
28.4867,62.749,0
21.8284,61.8502,0
31.1939,70.9014,0
20.2345,93.9544,1
34.3994,89.2531,1
9.56802,75.2498,1
50.1953,82.9628,1
21.5204,73.082,0
38.6832,75.0661,1
31.442,62.7809,0
34.3831,64.2043,1
34.3832,72.4221,1
32.5372,65.4233,0
31.2352,58.7808,1
38.7013,70.3484,1
31.3511,83.7349,0
23.237,83.5997,0
25.7966,74.6129,0
20.7755,65.2258,1
39.5182,78.1406,1
30.4367,56.1135,1
46.7933,95.5766,1
42.9783,50.6312,1
19.6164,86.4937,1
30.4006,75.7502,0
16.3571,59.3749,1
22.5642,69.5472,0
19.0836,80.0813,1
29.7918,92.9688,1
27.9447,72.7355,0
21.383,85.6292,1
41.0265,72.9883,1
35.3217,100,1
39.5674,70.0138,1
23.476,86.6851,1
25.6048,94.7626,1
25.248,92.2152,1
46.235,94.136,1
29.6019,83.8617,0
24.4136,79.4471,0
11.3912,75.7934,1
32.7131,72.4454,0
22.3715,76.87,0
25.3059,92.1728,1
40.1914,62.6935,1
28.578,60.2677,0
38.0483,66.6579,1
12.5302,74.92,1
34.2447,77.2216,1
24.6038,76.8116,0
23.9067,81.4358,0
23.8013,87.6768,1
33.0277,79.6052,0
24.2238,84.0151,0
23.7462,66.2555,0
37.1813,77.9631,1
24.1332,74.46,0
33.4762,73.2632,0
27.9299,73.9029,0
23.0828,60.4468,0
28.4225,75.3614,0
30.6782,52.8277,1
37.955,77.1929,1
24.8012,76.0254,0
38.8002,82.9976,1
21.4975,80.3982,0
18.9129,54.1077,1
28.9219,71.2291,0
40.6909,55.0271,1
26.4131,60.8981,0
14.7026,67.8853,1
35.0859,73.5876,1
14.1816,79.6734,1
18.5564,86.3098,1
29.0151,63.3533,0
15.181,72.6114,1
11.6206,71.5437,1
27.5229,80.1596,0
33.8661,73.4988,0
10.5816,76.4623,1
14.7945,84.7846,1
40.7376,72.111,1
28.0516,79.9801,0
24.2094,75.2497,0
23.3236,85.7952,1
20.9935,78.8148,1
33.1473,77.7713,0
17.6818,65.8155,1
37.4001,62.5889,1
24.1923,60.2828,0
22.5397,71.186,0
39.1168,56.6209,1
40.336,69.1109,1
34.1805,68.1423,1
28.2276,71.3203,0
21.737,83.7862,0
15.7023,74.183,1
27.0656,71.9005,0
17.7342,84.9906,1
29.6979,66.1784,0
39.2157,82.8169,1
37.8247,74.1792,1
19.4864,80.7801,1
30.7357,69.5627,0
31.711,65.5728,0
29.6923,72.9859,0
31.3644,62.4416,0
28.1369,87.7522,1
34.8917,70.3646,1
43.2841,69.5255,1
21.9437,94.468,1
28.7354,75.3494,0
12.845,62.3332,1
33.8605,69.7491,0
23.8025,75.8351,0
23.1904,90.8285,1
23.5771,76.1211,0
37.9173,65.1326,1
41.1905,75.9315,1
20.8441,72.2755,1
15.7676,78.1446,1
39.8958,71.7089,1
27.1637,62.2354,0
19.1526,82.7614,1
16.8889,67.0327,1
16.7524,58.9904,1
35.0305,81.1527,1
38.7734,76.607,1
38.2432,80.0371,1
33.2405,56.493,1
10.7176,81.4505,1
22.3403,68.1677,0
22.1348,59.5252,1
30.6519,76.1966,0
41.252,68.8837,1
22.6766,80.2913,0
28.5295,76.6513,0
18.3172,79.045,1
42.2813,97.1748,1
27.9533,69.6687,0
37.5772,89.082,1
24.0629,75.6984,0
33.6414,63.9081,0
28.687,88.2966,1
31.7904,70.9924,0
21.0844,63.5359,0
27.0479,74.1026,0
27.3513,87.187,1
9.89225,80.5253,1
21.9301,69.0573,0
21.6943,72.9536,0
28.4052,85.1452,1
26.6101,66.9201,0
29.7988,83.5991,0
13.8122,71.5054,1
32.6069,68.1443,0
17.7093,91.0516,1
40.9208,83.8251,1
26.4607,61.5031,0
20.3282,66.6668,1
37.7112,60.3942,1
17.6029,85.8201,1
18.4717,75.593,1
28.8359,73.233,0
26.567,78.6852,0
28.7993,65.7276,0
34.0603,58.8207,1
25.2376,69.409,0
24.9968,69.4568,0
24.4415,74.565,0
15.9731,72.2856,1
19.6704,68.1695,1
13.315,68.8461,1
37.9195,91.6707,1
39.0364,84.8262,1
33.9832,85.5203,1
27.2546,57.8169,1
19.3632,75.5264,1
27.8021,85.245,1
39.18,54.6452,1
31.793,84.0049,0
17.1637,80.7888,1
25.512,60.1474,0
34.8371,64.4017,1
25.5334,77.0824,0
31.8805,60.1866,0
37.4315,96.815,1
29.7142,65.8983,0
27.9697,74.8414,0
30.8218,80.0861,0
46.1208,77.4764,1
29.5549,62.1967,0
34.8849,83.5021,1
26.4732,59.8413,1
30.0378,75.8864,0
22.0899,68.2196,0
32.7205,77.9318,0
49.7533,86.384,1
27.3405,93.5796,1
40.736,84.3415,1
12.361,51.9092,1
20.1171,74.4057,1
41.0754,67.8819,1
32.2204,74.8126,0
37.5573,52.2544,1
28.0394,69.2416,0
38.1933,88.6044,1
23.0546,63.5917,0
29.8539,72.7651,0
21.2074,72.7987,0
22.7474,66.6777,0
28.1218,92.0783,1
27.062,77.3223,0
27.5581,64.7121,0
33.2038,66.7397,0
33.9298,74.6402,0
22.0392,81.7217,0
20.4971,90.3093,1
18.8961,87.4322,1
31.141,66.0598,0
26.0399,81.0683,0
22.3535,70.3379,0
32.0662,80.8465,0
26.6852,79.4818,0
37.0616,83.2663,1
33.4221,62.6326,0
29.6268,89.2248,1
27.1755,65.9078,0
29.3389,63.4014,0
25.8961,75.6244,0
24.5283,87.7192,1
26.7037,63.685,0
36.4212,73.6914,1
19.9871,77.526,1
34.277,59.8204,1
32.0163,89.4386,1
17.113,53.5219,1
34.3269,78.3283,1
30.2205,66.694,0
28.8356,83.5886,0
26.6259,63.6027,0
27.9309,61.7107,0
16.9107,78.4516,1
20.7585,66.0421,1
30.6267,73.2082,0
27.1324,70.5773,0
32.461,72.8909,0
19.6633,84.8464,1
28.3606,82.8964,0
36.4393,97.9234,1
28.1171,84.6636,0
28.723,81.5495,0
31.6175,78.3581,0
14.2332,73.419,1
21.7875,66.3658,0
17.1176,69.5571,1
25.9537,78.4044,0
36.0971,67.827,1
31.0257,74.3797,0
20.3747,63.2581,1
23.8326,79.2809,0
25.2835,70.0197,0
20.8483,68.2283,1
26.0001,79.4579,0
25.0691,79.8104,0
24.8562,77.2648,0
24.3346,63.0962,0
39.6311,83.0397,1
33.708,57.3638,1
36.779,82.6188,1
22.0394,60.6836,0
17.8601,84.2272,1
34.4361,62.2497,1
33.7327,69.1843,0
26.2742,75.4969,0
23.0778,92.3261,1
13.6672,67.7415,1
22.643,77.115,0
27.206,79.7384,0
30.4185,74.6481,0
30.0249,69.2352,0
33.9045,85.8317,1
19.0542,89.9386,1
37.0321,44.3531,1
43.1173,72.0879,1
38.7428,76.1076,1
18.5519,60.8631,1
24.2256,94.1991,1
35.5122,69.2008,1
17.9182,67.6163,1
32.8827,89.2154,1
39.2756,69.0538,1
25.9148,84.2047,0
24.5371,89.3371,1
25.4701,75.8381,0
30.3038,75.5999,0
27.3608,68.4988,0
23.0991,62.9247,0
17.5542,88.1734,1
16.6858,66.6196,1
36.9002,76.3323,1
33.3383,72.3872,0
27.1373,83.2893,0
35.3985,91.405,1
36.5593,87.2487,1
27.4678,72.0043,0
32.7698,72.6198,0
20.3685,82.2536,1
27.7574,84.451,0
20.5042,79.1631,1
23.2966,76.6528,0
24.1808,75.5672,0
8.1944,64.0272,1
29.187,79.1122,0
19.8166,82.3214,1
32.6361,77.7014,0
24.3029,84.1608,0
23.8035,66.0568,0
26.5524,71.9576,0
7.29602,84.4903,1
34.3809,79.8024,1
23.9662,57.8792,1
38.0097,48.3449,1
25.7253,85.6633,1
15.3907,89.225,1
23.8555,79.5007,0
28.833,84.6357,0
29.7558,72.9116,0
27.1629,64.251,0
27.7745,86.6822,1
33.651,86.8113,1
33.258,74.3303,0
42.7336,72.8647,1
31.2615,65.5069,0
15.3413,99.214,1
29.2677,76.8357,0
23.8176,57.948,1
36.2281,69.9628,1
29.7285,78.0092,0
45.388,86.4245,1
12.5847,82.7626,1
22.4283,93.0091,1
31.5928,79.567,0
42.3058,59.2552,1
22.7239,60.8881,0
27.9987,58.9479,1
20.2717,66.078,1
43.1433,61.2988,1
33.1946,71.2196,0
32.5995,62.2742,0
29.4686,67.1799,0
29.8664,92.4894,1
33.3688,74.9034,0
11.6102,71.1568,1
15.4444,62.6445,1
28.9678,76.6698,0
30.0127,55.1778,1
23.0581,73.1925,0
30.6315,84.4513,0
34.9271,74.5201,1
29.3094,74.1846,0
21.9183,65.1048,0
26.2852,66.0311,0
13.6574,79.4726,1
30.2634,67.3172,0
26.1861,69.2944,0
38.5289,68.3767,1
13.1824,87.1994,1
47.9236,68.3784,1
19.6054,67.4516,1
30.6905,79.417,0
10.2625,68.7976,1
29.0662,73.0262,0
25.2178,77.4162,0
17.1058,88.1268,1
20.7301,48.7658,1
22.4552,63.9538,0
22.6796,61.5787,0
27.0782,78.8884,0
11.7596,59.4072,1
13.5454,48.1476,1
12.0647,66.2804,1
9.72744,81.4793,1
40.2476,84.8135,1
35.1088,80.3443,1
24.018,68.2668,0
10.7072,82.0805,1
10.3364,84.7225,1
17.5719,73.0989,1
31.1731,76.4468,0
30.4414,59.9655,1
25.3041,63.5024,0
20.3396,70.2369,1
28.0279,80.5012,0
27.6494,96.3767,1
21.7202,72.9303,0
10.3958,66.8207,1
24.1111,63.8644,0
28.7474,98.1982,1
28.8098,56.6869,1
38.1287,71.853,1
28.645,64.0207,0
42.5916,82.7949,1
34.3862,63.3047,1
28.0868,65.7657,0
27.4687,80.1704,0
19.9471,60.7257,1
15.1168,80.6291,1
22.3805,74.5149,0
12.9559,72.6438,1
39.1445,95.6936,1
31.7452,70.4375,0
28.4701,58.7897,1
23.2086,89.4848,1
25.6531,85.0135,1
23.0381,93.2085,1
29.8863,88.6236,1
35.3442,80.1793,1
12.6727,85.7749,1
38.7617,71.5447,1
27.4678,56.8757,1
33.1118,78.6213,0
28.7039,98.7989,1
23.6424,78.9376,0
20.9136,85.729,1
18.5264,84.0116,1
17.9672,76.9907,1
39.9073,75.8352,1
27.4505,61.3878,0
34.4079,68.4183,1
26.3417,63.6754,0
34.0098,78.0968,1
33.0243,74.9865,0
40.1301,56.1121,1
32.2351,58.2516,1
28.9963,57.5874,1
26.7146,67.6147,0
42.2721,83.9588,1
24.5504,65.5001,0
28.1883,69.6843,0
33.8276,73.1715,0
18.6045,83.7575,1
23.4026,76.6001,0
37.9062,83.5958,1
25.8273,70.6915,0
17.7494,76.104,1
17.5229,82.5492,1
40.2451,88.3349,1
34.0103,72.8928,1
26.1645,82.0334,0
34.6655,82.7915,1
39.1076,80.2937,1
22.9367,77.6448,0
38.8203,76.3434,1
28.6645,95.5178,1
16.7558,79.8557,1
44.2442,82.6228,1
21.3271,83.4613,0
30.0328,77.3956,0
23.7724,72.1452,0
33.3349,73.3188,0
26.4507,72.4159,0
41.4251,70.3737,1
13.1196,73.3925,1
27.2832,77.0205,0
23.4599,70.5734,0
29.3171,68.118,0
24.442,72.8209,0
26.2673,82.5438,0
24.7577,69.5253,0
27.8263,82.4293,0
30.2441,77.7511,0
35.0217,80.3932,1
13.078,82.6824,1
22.0274,70.6887,0
24.5409,85.559,1
34.1331,78.8008,1
30.8023,75.9763,0
39.7281,73.1307,1
31.3699,62.6585,0
19.0086,77.0471,1
38.8795,80.4053,1
36.854,72.0307,1
31.4057,66.7666,0
22.2058,85.1904,1
17.6458,70.9844,1
20.3673,63.6439,1
16.3845,75.3035,1
27.5296,75.5042,0
36.3113,81.9644,1
18.813,69.4034,1
16.5046,70.2436,1
21.3608,70.7281,0
28.867,77.8224,0
41.9718,82.8557,1
21.7381,79.647,0
27.7973,75.5044,0
41.2586,85.0439,1
31.9883,81.4391,0
31.0336,79.1486,0
25.1064,71.1834,0
15.2199,90.2619,1
27.855,80.093,0
27.9703,78.1527,0
34.2682,84.7264,1
42.9863,69.7453,1
29.5515,78.0839,0
21.7363,81.9484,0
21.9935,55.8263,1
36.2717,85.6607,1
42.0067,73.8653,1
26.2986,68.5563,0
15.2058,67.0684,1
36.1817,65.0992,1
39.8528,75.1215,1
30.4893,84.0676,0
22.3008,55.1935,1
18.7749,65.7733,1
16.5221,72.1906,1
42.6426,62.0075,1
33.9521,63.7927,0
14.747,85.7578,1
25.4405,82.4527,0
27.0322,62.3238,0
26.9239,67.6385,0
17.6158,62.6313,1
18.9299,85.986,1
21.8401,80.7154,0
36.9428,64.4019,1
43.5237,68.8314,1
16.5252,73.2576,1
20.3283,79.6828,1
21.8327,60.2163,0
49.2203,71.6144,1
42.8299,83.3109,1
40.8582,63.5139,1
14.9489,82.8512,1
22.7109,85.917,1
14.6498,97.2506,1
40.0182,71.345,1
19.8729,74.9933,1
41.9954,90.4055,1
30.0995,71.8645,0
20.5377,89.4939,1
20.7227,85.0819,1
41.1594,77.528,1
42.158,71.4408,1
35.7006,81.9116,1
30.7374,80.0726,0
15.243,68.9725,1
29.4378,68.565,0
23.3418,78.9068,0
33.4711,79.3203,0
24.7155,74.4703,0
39.7678,64.6928,1
25.3752,77.6282,0
24.6759,75.2336,0
21.307,86.1673,1
36.2192,68.9011,1
43.6708,73.4439,1
40.4823,77.0989,1
18.0858,78.0148,1
36.9307,64.5043,1
18.387,63.5635,1
38.0288,85.0314,1
21.0269,76.1507,0
9.4634,74.3297,1
27.4751,80.2101,0
30.7208,83.8685,0
26.1786,70.551,0
34.3031,92.2625,1
18.1222,48.2703,1
16.0513,70.2771,1
29.2531,80.1859,0
20.3744,72.0622,1
29.9835,78.2921,0
34.3415,69.01,1
28.1441,56.8258,1
30.2092,74.8484,0
24.5951,79.2548,0
24.2653,69.0531,0
30.2298,55.3014,1
24.4,87.7872,1
27.1323,97.6171,1
22.727,67.5812,0
40.9921,89.0433,1
30.0831,66.6596,0
35.1069,77.0302,1
15.6039,71.4281,1
42.0318,79.2883,1
35.2429,59.5891,1
36.9558,81.7078,1
12.6071,83.0829,1
21.1739,65.6214,0
31.5582,70.3788,0
26.1087,74.5312,0
27.6057,81.3969,0
15.166,53.9624,1
29.4377,68.9609,0
22.7404,56.4239,1
23.9569,77.4448,0
35.6404,77.9524,1
32.2888,61.4485,0
13.1238,76.5367,1
21.5048,82.9541,0
27.7571,69.6387,0
18.6472,59.9069,1
13.2146,46.7128,1
26.0187,52.1938,1
21.8514,63.446,0
34.6672,75.0572,1
30.4633,54.2822,1
34.3075,70.6873,1
32.2295,80.9979,0
31.6777,78.6345,0
45.8375,60.2752,1
32.5074,78.398,0
26.702,73.1869,0
21.2921,79.3216,0
22.9326,75.8536,0
37.46,67.7745,1
12.6441,78.6748,1
39.315,73.3193,1
25.4043,51.0798,1
32.3398,75.6788,0
28.3782,85.2909,1
47.7333,76.6898,1
23.2879,85.7024,1
25.0649,84.0087,0
42.4853,75.8197,1
26.7738,58.2791,1
21.0984,78.1155,0
50.9297,83.4487,1
11.8639,59.617,1
36.4116,80.4862,1
47.6012,61.7965,1
23.5402,61.6085,0
17.659,74.3931,1
28.0596,69.7299,0
22.6344,68.5775,0
32.9656,85.4025,1
43.0353,82.4269,1
15.4541,78.9825,1
22.6854,77.6067,0
13.054,71.2412,1
20.4931,74.085,1
23.5657,60.2579,0
36.4572,71.9704,1
8.88852,83.2508,1
16.9186,66.9553,1
32.485,89.3246,1
24.3114,74.1596,0
20.2683,95.6288,1
31.495,68.5845,0
14.5849,77.2378,1
19.0526,88.921,1
32.5629,63.9381,0
20.7742,92.6537,1
27.3875,85.5463,1
35.0141,89.9771,1
21.481,67.7751,0
38.1424,71.1153,1
12.6536,81.8812,1
34.8666,64.2269,1
29.4698,67.9292,0
5.13091,76.4113,1
21.1091,82.2291,0
10.7124,78.26,1
24.275,62.8663,0
20.4749,61.3428,1
25.9483,74.2601,0
27.6366,72.2913,0
33.7984,59.2142,1
29.4298,71.2933,0
26.6034,66.5135,0
15.9269,81.3561,1
27.4549,79.8899,0
23.4861,74.6801,0
20.4187,76.4828,1
31.9903,68.4957,0
30.529,69.5722,0
31.5116,74.3481,0
29.2931,64.2806,0
24.4639,48.7128,1
38.0717,82.3804,1
22.3374,59.7407,1
34.1794,72.3407,1
33.9353,82.4681,0
28.0077,87.0745,1
25.7426,79.2531,0
33.3652,91.5393,1
11.0445,77.2461,1
23.4622,61.1359,0
11.4689,79.611,1
18.7297,87.218,1
20.651,77.8958,1
32.7575,70.7555,0
38.7658,74.4514,1
26.1481,91.5674,1
18.9701,77.8681,1
15.373,91.3019,1
20.9538,85.3284,1
25.3134,65.036,0
25.5781,59.4137,1
25.4024,77.0819,0
36.3909,74.4764,1
17.402,83.5935,1
6.375,79.3597,1
32.8509,80.3283,0
21.4271,69.3114,0
23.1917,65.051,0
29.8334,73.4796,0
24.8556,82.6959,0
24.143,76.928,0
36.3738,65.9959,1
24.5324,64.0479,0
28.3877,81.6497,0
25.5213,67.6574,0
27.9243,64.1398,0
9.90683,68.4596,1
28.3555,74.8217,0
46.6647,80.9738,1
22.2206,53.9489,1
29.2103,62.9599,0
44.2249,72.0677,1
45.3924,73.7244,1
38.4695,60.3886,1
16.902,81.4675,1
34.3434,79.5243,1
20.1319,69.3836,1
44.447,74.7887,1
31.8535,66.2273,0
34.9326,70.3936,1
23.1502,70.0624,0
15.8221,71.7793,1
20.561,69.8856,1
34.0187,68.0621,1
25.0569,78.7391,0
15.4477,83.028,1
32.1047,75.7637,0
28.2544,74.3079,0
39.0475,79.5673,1
20.1446,72.6861,1
17.6322,76.5356,1
24.3581,73.5128,0
18.729,57.5117,1
21.4358,90.6785,1
35.4039,56.644,1
24.3131,66.5528,0
25.9718,76.7696,0
11.1774,66.0915,1
14.4886,80.4423,1
37.9914,63.7387,1
11.6472,55.9426,1
20.5028,81.2862,1
28.8044,76.8761,0
25.6641,85.2718,1
25.4368,84.4301,0
21.5717,70.4423,0
32.0715,64.6469,0
27.5973,60.7492,0
32.0157,82.379,0
15.7978,71.0339,1
33.563,71.7415,0
34.3025,66.1156,1
9.71429,73.6657,1
36.955,67.8403,1
42.576,64.8258,1
48.0016,64.235,1
12.9983,61.1327,1
29.455,69.1406,0
28.3424,82.6884,0
32.2909,73.6412,0
28.2904,88.1239,1
43.4816,57.4798,1
25.1745,78.2797,0
22.712,63.8396,0
38.6257,63.7449,1
28.9555,73.7122,0
6.24895,73.9164,1
9.15411,72.6856,1
26.0884,81.2008,0
25.6304,76.4796,0
18.1406,53.1366,1
28.7788,57.9839,1
32.5598,75.3773,0
20.7696,72.4906,1
25.1681,78.3228,0
26.3874,58.2751,1
13.2731,72.9749,1
34.8747,76.4214,1
0.959795,74.5119,1
33.5178,58.7716,1
34.2381,99.2331,1
26.3431,74.6518,0
24.9824,57.9385,1
24.2055,68.745,0
27.7331,89.0648,1
48.1744,86.9401,1
18.5883,71.1302,1
23.6042,80.5495,0
18.6838,60.7824,1
39.0666,68.9286,1
31.6936,65.871,0
33.3377,80.3325,0
12.0503,71.1355,1
16.374,64.9698,1
27.9593,91.7766,1
30.4572,78.2613,0
34.3991,86.7428,1
30.166,82.4219,0
42.2646,80.6936,1
19.5696,77.6181,1
26.4697,55.4757,1
43.1438,83.3253,1
35.3674,82.5109,1
6.8541,69.6424,1
15.994,63.8326,1
32.6451,71.8686,0
30.2841,77.955,0
26.5148,59.7348,1
17.1287,83.841,1
39.4985,71.7185,1
32.0104,94.0766,1
26.3788,57.7789,1
31.4527,74.5043,0
41.992,77.0937,1
12.1183,79.0761,1
27.9455,64.3607,0
25.4338,78.5698,0
30.1686,70.823,0
17.1763,80.8361,1
22.7868,80.4247,0
18.2055,72.4491,1
26.6371,77.5955,0
18.4813,91.0645,1
22.8003,79.2923,0
19.0549,83.8138,1
23.6287,75.9976,0
23.2457,93.3189,1
37.196,65.3901,1
19.4243,67.1966,1
29.6251,85.1877,1
16.236,77.9399,1
23.5341,52.1757,1
24.1998,93.139,1
16.9493,85.5432,1
13.3325,66.6941,1
39.7454,69.472,1
36.7482,64.3407,1
13.0566,85.5347,1
30.1313,68.9137,0
20.1166,71.5739,1
28.2586,82.6863,0
24.3148,88.4078,1
8.87153,81.5207,1
25.4216,80.1721,0
34.4423,71.1868,1
25.7193,80.0934,0
23.5949,75.6516,0
16.0795,77.936,1
48.807,77.1226,1
13.8579,62.0052,1
30.7863,72.3708,0
24.4926,67.893,0
17.3552,74.1883,1
38.4761,66.1595,1
24.7746,81.3489,0
25.3825,64.9543,0
26.2809,65.3819,0
32.0476,71.0962,0
23.6237,69.2685,0
37.517,91.6568,1
16.4835,89.2571,1
28.7285,76.6139,0
11.776,70.2879,1
36.6997,63.9038,1
30.0214,84.1345,0
33.8939,65.5897,0
40.0054,82.5704,1
38.8216,74.0036,1
34.7712,66.9649,1
31.2838,72.449,0
29.3802,66.6141,0
42.3331,76.2408,1
19.1428,64.1964,1
39.9647,83.326,1
38.1966,58.3222,1
25.7117,80.6595,0
30.1332,64.223,0
14.8464,76.6889,1
16.3462,74.4824,1
31.4125,74.6331,0
33.2515,75.5944,0
29.006,83.8849,0
27.709,67.2544,0
37.3772,77.87,1
31.7688,97.8972,1
38.5323,93.1246,1
27.3637,76.1035,0
32.2773,74.7057,0
27.4911,82.122,0
34.1165,68.2179,1
22.727,60.4697,0
18.7509,76.2923,1
25.1585,66.2557,0
37.9793,74.2877,1
14.5685,85.1853,1
19.7994,79.3573,1
24.9529,95.5808,1
18.7004,80.3506,1
25.5017,88.699,1
24.1868,53.9786,1
26.4146,90.7922,1
42.812,74.8239,1
23.5058,74.9023,0
21.2256,89.5172,1
24.7118,65.4706,0
24.1004,74.1688,0
27.717,71.91,0
14.9166,70.0367,1
35.9874,74.3467,1
24.6649,78.3206,0
19.3528,78.6,1
32.3211,60.664,0
39.9834,88.1655,1
15.4303,82.4397,1
21.3897,92.7849,1
23.277,69.6327,0
21.7362,79.1105,0
38.616,68.6454,1
23.596,82.9608,0
50.7797,85.9501,1
28.6252,71.4887,0
24.5643,72.4277,0
36.8009,64.6467,1
21.5876,74.6393,0
35.4897,70.7384,1
35.1255,70.1987,1
17.1576,78.9801,1
24.644,87.9017,1
41.7568,79.8916,1
39.652,86.5432,1
28.4902,87.2169,1
29.4475,83.7848,0
36.855,90.7333,1
22.104,66.9057,0
30.2053,76.1731,0
54.2354,69.3424,1
26.8689,65.9298,0
31.3781,77.5104,0
23.5643,61.5227,0
35.0583,68.884,1
22.9667,80.5462,0
17.948,86.6592,1
29.3632,79.3881,0
36.5411,69.9563,1
33.042,64.7814,0
25.1384,72.6033,0
14.0354,50.2024,1
25.2843,79.458,0
25.6084,74.2784,0
20.7311,77.3469,1
29.3885,65.489,0
38.4438,82.591,1
33.5742,65.5921,0
22.4455,77.9661,0
26.4915,77.847,0
30.9211,84.647,0
16.5041,79.8612,1
34.4211,77.555,1
17.2918,85.0927,1
29.1253,80.2145,0
29.0895,76.695,0
42.5416,82.1073,1
31.4064,51.001,1
31.6005,69.7581,0
13.1333,58.2328,1
17.5428,64.3884,1
38.4893,89.2076,1
34.1591,82.8002,1
10.992,92.8896,1
28.5762,65.6858,0
23.0342,72.6331,0
24.4926,68.9205,0
16.6891,72.7733,1
18.7189,68.8234,1
31.2309,68.7138,0
36.2446,67.817,1
17.1863,76.7454,1
22.4887,74.7926,0
40.1826,61.285,1
36.3213,79.723,1
33.3833,59.1673,1
26.6091,100,1
4.93509,84.5979,1
22.1967,43.4536,1
41.2456,67.3571,1
15.2842,72.5488,1
22.1524,69.7903,0
26.1935,63.5541,0
25.8272,74.4338,0
37.6345,71.4474,1
35.1548,81.1207,1
29.2761,70.2746,0
26.2884,84.7261,0
29.9551,78.4431,0
21.3413,95.6991,1
32.2177,79.5856,0
23.1747,67.3994,0
15.9054,67.7207,1
28.4324,68.9125,0
26.0894,88.7478,1
44.6077,71.2754,1
13.8909,68.424,1
23.8295,68.5846,0
33.8145,79.4071,0
27.2135,81.4951,0
38.0136,76.011,1
46.078,78.8638,1
24.0536,74.6787,0
28.2943,78.4902,0
19.5282,88.9714,1
20.4014,78.7548,1
18.8078,61.8446,1
33.1424,76.198,0
22.0388,71.459,0
23.1296,76.7226,0
23.2382,84.2475,0
26.1425,77.7482,0
26.6976,71.1608,0
46.8144,82.1464,1
19.8215,80.3806,1
25.1154,60.1574,0
21.6745,66.2678,0
33.9943,74.3633,0
21.6566,89.0829,1
23.8001,69.2722,0
28.2003,78.5909,0
20.6763,72.8167,1
11.2236,73.7513,1
17.4513,76.0907,1
26.6054,72.7782,0
50.5683,64.1049,1
15.5114,69.4587,1
17.9744,86.5434,1
26.6243,74.95,0
17.9123,82.9851,1
40.337,50.0351,1
27.338,64.9949,0
32.8109,78.1889,0
38.7031,78.2821,1
27.7368,83.2937,0
25.5266,67.1539,0
26.4708,87.9855,1
39.5294,75.0236,1
31.7959,65.7011,0
19.3687,81.8844,1
34.9278,71.2383,1
17.0887,90.4656,1
16.3058,63.8203,1
35.0221,80.5994,1
29.6544,80.9356,0
40.0282,75.8333,1
23.9757,77.2519,0
20.8529,60.0049,1
42.9836,60.417,1
30.8838,68.2555,0
24.5908,65.2917,0
41.1499,80.2664,1
23.6009,99.5745,1
36.7253,70.3765,1
20.8204,80.0123,1
18.263,77.8948,1
26.2288,73.1934,0
22.887,62.247,0
26.5287,66.6046,0
30.976,80.335,0
22.1293,75.8312,0
23.0932,75.266,0
27.9862,70.6397,0
13.0657,75.7953,1
51.4586,70.6532,1
15.7747,81.8578,1
16.5203,78.0616,1
23.388,60.0989,0
25.0431,73.0915,0
19.8885,73.7479,1
30.7883,65.7552,0
17.0298,66.5737,1
27.8146,70.1059,0
20.1319,54.4206,1
40.0405,69.9801,1
30.6753,66.2368,0
14.1753,70.9931,1
33.2076,70.9303,0
33.1971,69.8844,0
30.3877,76.6817,0
20.6959,86.3817,1
18.4185,65.4756,1
36.0876,75.3855,1
11.5228,76.3962,1
16.9322,66.0005,1
28.4069,63.7846,0
24.1989,58.3031,1
14.4505,66.525,1
14.6756,88.4052,1
33.0067,82.064,0
22.8645,75.7587,0
25.7579,77.0349,0
34.708,62.8876,1
34.9191,69.526,1
38.1834,96.1604,1
38.8426,85.6597,1
37.7556,74.7232,1
21.4577,89.562,1
34.431,75.6351,1
27.7442,71.5268,0
32.163,72.3324,0
21.4844,94.3828,1
20.9372,77.5893,1
30.0222,73.8887,0
20.0022,75.7939,1
26.3215,88.3781,1
24.071,59.1167,1
29.4268,55.1155,1
31.469,85.3057,1
36.1864,60.2852,1
23.8849,85.0665,1
27.2627,79.727,0
28.6492,67.0666,0
25.6261,68.875,0
36.8742,64.8461,1
21.3587,79.565,0
27.6294,73.905,0
30.0351,70.9048,0
16.9695,65.0337,1
17.472,72.0309,1
20.0408,71.7016,1
37.2869,84.7341,1
12.6507,69.4357,1
25.4447,81.3187,0
10.027,79.567,1
28.2433,83.0889,0
24.6818,65.8476,0
9.09264,73.9151,1
25.9283,63.0738,0
29.8375,77.7799,0
21.5448,57.6509,1
40.7068,69.5869,1
21.8517,70.9563,0
21.7346,76.3694,0
42.1964,90.8572,1
22.415,67.9571,0
22.0858,65.9837,0
22.1777,61.6792,0
26.7319,86.2708,1
33.7003,66.637,0
39.8439,64.0946,1
29.4778,75.8311,0
30.9206,71.9165,0
19.2828,77.8243,1
32.2152,74.097,0
26.7978,77.173,0
34.8713,79.6819,1
34.2237,61.1585,1
22.3468,60.7133,0
23.2311,83.0226,0
34.421,73.8162,1
11.8572,69.0194,1
9.49661,65.2091,1
28.4812,67.9092,0
23.0071,66.75,0
35.523,66.5554,1
33.5197,66.8262,0
34.7033,59.4809,1
18.343,77.4124,1
35.0753,85.814,1
21.7124,74.9623,0
26.9869,80.7941,0
21.8209,60.6537,0
16.9132,71.6184,1
40.0478,95.7087,1
29.7496,78.1233,0
15.1325,88.4146,1
28.0676,76.5119,0
29.2228,74.8985,0
32.3703,70.3942,0
11.4655,52.5903,1
17.4796,83.9609,1
33.4108,69.8867,0
26.4681,68.3457,0
26.6582,80.0878,0
21.5982,78.2275,0
39.5458,59.6908,1
22.2065,79.795,0
24.7389,85.2599,1
32.5676,86.9668,1
13.6554,83.8232,1
29.8188,72.7148,0
41.3168,66.5663,1
41.4588,57.469,1
32.9227,71.0528,0
35.9239,77.1187,1
22.1178,65.9311,0
29.3586,66.0797,0
27.7006,87.0268,1
39.2039,79.4604,1
25.0307,73.9472,0
20.1479,83.5378,1
24.7386,71.641,0
15.3533,59.9838,1
40.0019,59.048,1
21.8043,66.7581,0
24.6422,58.3975,1
34.2212,70.5601,1
26.2831,93.4785,1
26.9975,70.049,0
23.2596,83.5915,0
24.1411,64.5074,0
13.4207,95.7559,1
41.4848,64.1327,1
23.8203,80.4272,0
15.1029,68.3153,1
23.8468,79.8599,0
29.1961,63.3774,0
23.6575,58.6576,1
19.2463,56.9882,1
27.381,74.0353,0
18.3823,82.2174,1
28.3655,73.0538,0
31.7847,53.3007,1
33.4369,81.4255,0
16.3234,67.5283,1
30.8794,93.402,1
39.7337,72.6067,1
17.7984,64.4856,1
30.6626,79.9943,0
42.6516,87.591,1
39.1963,66.8713,1
16.1684,92.533,1
24.1718,80.598,0
23.515,62.5893,0
30.7111,89.617,1
29.9963,90.1887,1
28.0055,62.3847,0
32.9631,76.825,0
30.6201,82.8045,0
39.0781,70.7212,1
31.2908,88.1524,1
26.9678,66.6126,0
10.4695,77.9319,1
39.8726,59.4267,1
31.1086,69.0847,0
7.86589,77.0264,1
23.9909,79.2955,0
26.4266,76.5478,0
18.9246,86.4716,1
19.7113,86.9195,1
25.8948,83.6357,0
27.9349,61.747,0
26.2672,89.1667,1
17.8885,65.6858,1
18.712,91.5704,1
28.4484,64.6615,0
31.0185,84.0207,0
23.8752,70.4682,0
27.1374,76.5477,0
22.902,58.5114,1
15.5638,98.0068,1
31.1081,75.9419,0
35.1381,71.4712,1
34.4133,76.6713,1
16.0337,70.9999,1
42.2944,73.3666,1
31.721,74.2616,0
18.0922,60.8326,1
35.3072,74.8883,1
2.91978,73.8152,1
28.5939,81.4732,0
26.1931,63.0601,0
21.4905,74.9738,0
22.7709,78.2915,0
24.4694,84.58,0
33.5062,73.5961,0
26.6749,79.4909,0
36.9202,82.8651,1
34.699,59.6027,1
6.09097,71.2224,1
6.53777,77.3645,1
31.5148,67.4592,0
13.8484,79.314,1
56.8874,73.9547,1
27.8027,81.8493,0
24.6584,82.7627,0
36.2786,62.9161,1
29.9816,61.1902,0
22.7919,77.4002,0
20.2989,83.5206,1
30.0358,58.7328,1
31.64,67.9041,0
19.3531,71.7487,1
28.6107,78.1539,0
30.5433,77.5408,0
41.3741,70.608,1
11.1932,69.7397,1
25.2724,58.1075,1
32.9651,68.1694,0
32.6223,62.3911,0
27.3736,78.1369,0
29.5517,74.2785,0
25.7724,68.5174,0
18.9443,74.0174,1
16.8298,74.9439,1
38.8758,66.5212,1
16.8472,65.1782,1
38.2432,61.9565,1
21.4841,83.2582,0
30.8112,71.5348,0
34.8438,54.4628,1
12.5692,68.5006,1
39.5594,75.4835,1
25.8351,73.6268,0
47.097,78.0484,1
54.9277,79.776,1
41.28,76.7391,1
19.4589,75.0973,1
35.799,66.6343,1
35.9407,71.5739,1
17.598,68.9269,1
34.1047,72.1757,1
31.302,65.3298,0
33.7943,59.4015,1
22.4582,71.1919,0
38.3457,61.2976,1
29.7003,70.1396,0
23.3818,76.3733,0
23.4255,79.5415,0
42.6395,95.8445,1
35.1248,89.0682,1
21.3415,69.7011,0
27.1866,72.3112,0
12.8121,63.2319,1
27.4575,82.8901,0
38.7485,67.1316,1
27.9667,71.713,0
36.2595,69.4404,1
31.7876,76.5156,0
35.6372,71.409,1
26.2747,80.8458,0
22.2593,68.8817,0
26.3959,60.0922,0
48.4757,62.2616,1
29.3702,70.0638,0
41.0524,79.7502,1
36.5939,69.4651,1
23.6843,57.2334,1
16.8461,55.4927,1
34.6687,81.2361,1
27.7173,79.8053,0
18.6345,78.279,1
23.347,71.4183,0
17.9818,78.2323,1
41.3334,56.4585,1
16.6652,83.6794,1
32.2982,66.678,0
39.9499,66.6197,1
22.2786,71.7186,0
32.2079,61.8501,0
25.2973,79.5312,0
32.0281,70.1851,0
14.5686,79.1933,1
4.49725,74.4601,1
36.9707,82.0374,1
28.7229,74.6307,0
25.2213,74.7756,0
31.1317,80.2383,0
15.3023,68.2691,1
27.7053,83.1961,0
24.704,69.3752,0
23.1437,66.6603,0
35.3204,68.8712,1
19.1374,78.4916,1
35.6295,70.3421,1
17.29,75.6567,1
12.1004,68.3601,1
27.0556,81.4754,0
20.7007,80.8648,1
39.3454,68.6124,1
18.3578,56.8059,1
22.7455,66.0419,0
30.9002,74.6247,0
45.8523,86.4313,1
34.0063,83.6973,1
43.6726,70.0037,1
24.2965,77.2039,0
24.3727,51.6426,1
28.1983,94.9146,1
32.0908,56.0154,1
31.8435,83.458,0
41.2626,83.4538,1
13.9697,82.8881,1
28.6148,78.3136,0
25.5791,53.7814,1
41.8124,90.2693,1
26.6224,69.5221,0
20.8075,70.4905,1
6.87007,77.8155,1
31.5884,97.186,1
28.4956,74.4329,0
29.8161,76.778,0
35.6813,77.3926,1
29.6991,81.416,0
32.7285,71.6665,0
50.8579,79.3398,1
30.1925,71.0786,0
43.4134,68.3286,1
18.5942,75.5658,1
36.5733,63.2798,1
22.5849,62.4747,0
22.1498,77.7143,0
17.3259,69.136,1
29.2107,72.998,0
25.5,75.7021,0
28.0614,83.502,0
20.0638,82.8679,1
20.8164,62.5438,1
22.3225,76.7268,0
39.8368,71.2953,1
18.1623,57.5625,1
23.1838,74.034,0
28.2012,74.8699,0
38.6053,71.7624,1
34.0314,58.0157,1
36.001,77.2079,1
29.7225,53.3322,1
18.0462,89.748,1
20.8342,77.6577,1
26.7446,84.7855,0
26.6149,71.0556,0
23.2302,99.9557,1
27.5979,100,1
16.0519,70.1279,1
31.2095,69.3741,0
23.8929,100,1
21.3104,86.5176,1
21.8795,67.3586,0
8.26655,84.5984,1
26.1716,91.4599,1
27.427,55.6255,1
22.5522,67.0498,0
18.4497,100,1
38.8731,85.6462,1
31.2517,89.1934,1
40.4705,65.1499,1
36.4128,65.4581,1
28.8368,72.0001,0
23.2031,65.6413,0
20.2309,83.1633,1
23.9915,78.9194,0
13.6332,85.8861,1
39.2097,72.8204,1
29.3967,75.437,0
11.3801,75.9078,1
21.838,78.6682,0
26.7883,73.8346,0
25.8357,80.4679,0
37.1472,84.696,1
22.2805,61.4213,0
16.9408,66.8388,1
34.5958,74.1239,1
21.6009,65.5859,0
23.8501,69.4583,0
24.4681,69.8017,0
34.764,68.2676,1
35.7782,61.5588,1
36.5051,76.6087,1
31.3953,70.2668,0
35.7085,66.5954,1
40.831,73.2442,1
20.6326,79.5427,1
21.8417,75.127,0
30.7568,90.9229,1
28.3542,73.2461,0
21.9061,77.0553,0
27.9344,91.1551,1
24.6838,70.3423,0
25.0686,68.3803,0
14.7445,62.982,1
27.949,77.0262,0
19.5107,86.0745,1
42.5266,57.161,1
41.0148,86.156,1
30.1682,76.1756,0
31.7486,86.0218,1
30.5661,67.2311,0
22.1439,77.3949,0
12.8006,84.612,1
42.1999,73.9526,1
44.1706,42.7282,1
18.7876,75.2101,1
27.5704,88.9844,1
28.7584,56.9578,1
20.5471,69.4614,1
25.2139,100,1
18.1359,80.1722,1
34.1322,64.2745,1
24.5685,61.1257,0
34.9681,76.4722,1
29.6607,71.6036,0
23.992,75.1947,0
17.3685,74.8465,1
12.0727,67.3623,1
27.0335,93.1099,1
28.1452,74.309,0
32.9736,66.0996,0
35.9294,81.9637,1
30.4716,64.5098,0
17.6625,69.9806,1
26.6919,78.2633,0
33.832,81.4301,0
13.1168,62.3891,1
28.8183,92.7546,1
32.7377,81.2873,0
37.6545,71.547,1
22.5732,79.6348,0
23.2483,74.6843,0
20.1555,71.4026,1
25.1901,77.0161,0
21.1495,85.4732,1
32.3802,75.4653,0
22.8996,80.8434,0
32.8084,82.9882,0
11.0826,55.627,1
19.1614,77.8576,1
34.3587,70.8338,1
35.6105,76.2795,1
54.1059,93.3708,1
11.8986,70.7852,1
31.9202,70.1095,0
29.2817,73.6533,0
26.1313,78.1268,0
12.2908,74.3427,1
16.453,66.3457,1
23.4962,72.4818,0
9.89314,78.7837,1
36.9116,67.747,1
18.5529,74.8514,1
26.7648,90.8224,1
15.6118,66.9555,1
30.766,75.9923,0
15.5831,72.4952,1
28.824,77.2893,0
40.8394,73.4898,1
34.8164,96.6663,1
27.7314,70.7562,0
26.978,85.4084,1
37.8826,70.4332,1
30.1393,72.5845,0
27.9661,62.0787,0
24.4811,74.4421,0
32.8189,67.3471,0
28.6878,69.1893,0
30.6092,66.4987,0
28.1127,66.2135,0
21.3165,77.7774,0
16.4753,70.6503,1
32.4385,75.8383,0
29.2767,82.9886,0
36.1965,67.1232,1
21.1954,63.4835,0
32.2026,72.8597,0
31.7994,89.0031,1
25.5382,88.8036,1
29.2394,53.6482,1
30.3439,75.3355,0
28.5576,71.8909,0
26.1132,65.8161,0
24.2184,85.6213,1
18.9998,71.6245,1
21.2302,72.8607,0
29.3547,53.4062,1
12.5915,69.9761,1
33.4913,75.2489,0
26.9147,76.969,0
40.7767,64.5614,1
32.4262,82.2547,0
9.85878,79.6993,1
23.8344,74.9832,0
34.9163,76.0803,1
12.6844,76.7608,1
26.5785,64.7695,0
19.0252,59.1744,1
26.9943,78.0656,0
8.63815,62.8945,1
32.6209,70.8451,0
32.2809,63.6689,0
17.7212,72.6445,1
27.9042,72.0851,0
40.5157,77.2924,1
31.1946,82.6301,0
41.0145,77.5573,1
36.2692,53.9741,1
30.2729,60.7864,0
34.0577,75.1494,1
20.3047,64.7648,1
32.0587,77.6515,0
39.6313,71.5866,1
42.5346,84.4443,1
32.5829,60.7356,0
24.9508,82.4724,0
32.793,62.7167,0
27.0765,77.6523,0
37.0602,70.2155,1
44.6721,85.3434,1
41.3791,73.4884,1
14.1423,67.7997,1
36.9813,89.936,1
23.2158,58.6959,1
21.6551,78.1306,0
16.581,82.9412,1
31.3607,79.5528,0
32.9397,73.3767,0
31.6852,61.0716,0
26.4721,64.5022,0
21.4275,91.203,1
36.8275,60.789,1
16.6818,70.753,1
37.8742,75.3527,1
22.5844,73.4273,0
33.9891,70.5338,0
15.8296,78.6136,1
35.6192,90.1841,1
21.1076,80.1573,0
13.332,73.6545,1
31.6458,75.2496,0
30.425,65.3163,0
34.7092,83.7781,1
29.3338,67.4704,0
42.8665,75.1894,1
29.288,53.7467,1
43.2803,82.8997,1
22.426,93.4659,1
23.5391,64.2614,0
27.0789,79.8697,0
25.9797,72.1684,0
43.1124,75.1226,1
20.359,78.8564,1
40.1011,77.9748,1
28.6983,75.1282,0
23.1012,60.9731,0
9.57519,68.0673,1
31.5258,69.4856,0
22.4804,69.0973,0
33.8694,86.7476,1
24.3413,69.8732,0
29.972,71.403,0
28.0432,72.8709,0
26.3274,85.3534,1
18.5821,64.1801,1
16.1099,78.7429,1
15.6679,89.981,1
42.8841,93.4767,1
35.4064,80.5018,1
26.0785,98.5802,1
29.1593,62.2349,0
27.9332,88.6493,1
31.2895,85.461,1
23.898,70.2181,0
20.304,63.6779,1
15.3101,81.7681,1
19.2776,62.7526,1
28.6812,69.9794,0
40.1664,67.9159,1
22.1568,81.2272,0
34.4445,71.7232,1
18.5329,75.7188,1
28.0042,75.377,0
39.0178,74.1937,1
40.2015,70.1249,1
-2.56128,68.6179,1
37.2277,80.753,1
37.232,58.9162,1
18.9392,75.822,1
19.3927,71.8059,1
27.6706,75.3522,0
36.3416,65.0726,1
37.8564,69.9787,1
30.1251,71.9687,0
22.9737,57.1512,1
45.6074,63.2402,1
18.6012,55.379,1
34.9892,90.0845,1
42.4921,67.0244,1
37.6553,81.0162,1
27.8701,79.8042,0
33.6225,70.188,0
37.2306,86.4178,1
27.4204,73.0137,0
26.5246,81.8848,0
29.3235,90.5216,1
29.6289,91.866,1
22.2122,71.1245,0
37.8558,64.8447,1
24.263,86.0097,1
25.0105,68.3425,0
39.6549,72.5304,1
45.5615,69.4693,1
28.2653,87.7631,1
23.7823,69.1774,0
27.3295,72.3917,0
41.3793,87.0647,1
21.3219,66.4136,0
12.4809,69.5047,1
29.5042,73.4193,0
25.1308,66.9221,0
28.1597,68.3579,0
24.8593,66.6782,0
37.6015,69.8665,1
27.4175,85.2957,1
42.4976,92.9261,1
24.0505,91.7016,1
22.7909,72.2109,0
22.1912,62.6606,0
30.5924,71.6831,0
34.6207,81.2345,1
16.1185,78.6152,1
23.9013,79.4382,0
24.3204,77.0947,0
16.0905,74.4179,1
28.9637,82.8204,0
38.8148,61.4816,1
22.0302,64.3639,0
37.915,76.5304,1
30.5372,70.8104,0
31.6079,87.113,1
37.5065,77.1966,1
26.8375,71.1874,0
26.9572,68.2585,0
26.5938,82.3484,0
27.8145,78.8563,0
41.8637,75.1013,1
38.7189,73.0428,1
25.5485,81.1341,0
25.536,73.4351,0
20.5583,67.7675,1
40.2672,73.317,1
25.9592,71.1971,0
39.4904,73.582,1
34.3671,83.2077,1
32.7168,66.9519,0
47.8678,77.4126,1
30.8752,59.9049,1
30.6923,76.7987,0
29.9049,67.4638,0
14.7342,74.9903,1
31.5976,75.2135,0
29.7859,82.7503,0
15.167,84.3812,1
28.8209,61.228,0
45.2994,89.9404,1
32.7017,80.6126,0
13.4292,71.7507,1
31.675,82.248,0
11.2634,56.9545,1
11.8027,94.2897,1
29.7366,83.1299,0
9.08514,61.2737,1
8.21008,70.2093,1
22.9346,93.2885,1
28.5767,73.1492,0
32.3933,88.4931,1
30.8501,57.3374,1
36.8717,73.8118,1
40.5022,70.266,1
26.4764,67.534,0
29.7794,74.9687,0
28.4268,61.2345,0
25.5271,65.6303,0
42.2261,76.9805,1
25.0732,68.8355,0
24.7778,66.3975,0
14.7216,80.0518,1
25.275,82.5224,0
30.9885,76.3759,0
26.3157,82.9175,0
19.7118,86.6531,1
39.6163,75.2892,1
15.2345,73.2566,1
26.6453,72.6074,0
37.3751,56.7917,1
14.6434,80.772,1
31.9632,74.6968,0
18.892,84.5734,1
20.5026,68.7607,1
25.3953,67.5203,0
18.7405,66.6059,1
36.5998,80.9526,1
26.6155,67.0464,0
21.9557,75.8659,0
13.9821,74.6286,1
35.7597,89.788,1
20.5153,74.1222,1
25.1115,57.9592,1
30.309,85.1412,1
49.9843,77.0424,1
33.2519,83.9512,0
24.8728,91.8086,1
28.7878,63.1335,0
26.8129,66.7366,0
18.9759,75.6669,1
25.0642,57.2815,1
54.3643,82.9698,1
30.8144,66.7195,0
37.9583,76.4257,1
23.0346,71.3816,0
21.95,82.44,0
16.5971,72.5714,1
31.5246,52.4739,1
40.1345,91.5637,1
42.3707,72.8734,1
21.5104,73.0426,0
14.3234,78.3163,1
29.6313,77.6852,0
15.9039,84.7622,1
20.7079,84.9658,1
54.8524,67.4415,1
26.3114,70.8969,0
35.1291,78.0413,1
27.7222,71.1794,0
38.1022,62.8874,1
38.9295,79.2301,1
36.552,74.089,1
34.5502,65.8543,1
31.6316,75.6869,0
22.143,78.9557,0
31.5115,78.0177,0
29.7833,67.8596,0
36.2735,62.5052,1
35.5573,76.9538,1
28.4592,80.7853,0
30.7373,60.9457,0
30.6175,68.2586,0
24.3889,74.621,0
21.9446,83.4788,0
21.8765,68.4283,0
25.1917,67.8844,0
36.6144,58.5886,1
16.2667,87.5497,1
12.687,53.318,1
17.68,64.3857,1
36.5384,75.5506,1
30.1201,72.2304,0
33.0639,60.62,0
32.1323,65.5251,0
41.8951,75.4315,1
30.5637,77.498,0
21.5946,69.0969,0
10.7435,62.8161,1
26.3824,65.5398,0
15.112,85.7634,1
10.4053,68.485,1
27.3923,95.1725,1
32.1617,72.8537,0
15.1182,79.2923,1
18.8752,80.6651,1
38.0712,84.9073,1
47.7187,75.6729,1
41.9965,71.2139,1
35.8536,74.5644,1
33.3017,65.3789,0
30.407,65.9103,0
27.3837,62.0912,0
26.3904,81.269,0
35.1673,77.976,1
18.0096,81.7415,1
16.3224,80.8281,1
6.8601,76.2554,1
27.2099,82.2307,0
21.6738,74.8109,0
39.6673,80.069,1
26.6604,70.6301,0
33.8476,70.7512,0
14.484,98.501,1
35.8057,80.8026,1
36.2514,72.4767,1
32.3444,84.3665,0
30.6576,75.1499,0
25.3923,62.3254,0
24.2193,79.3054,0
34.2568,77.3792,1
39.209,81.1369,1
23.4174,52.6574,1
11.2693,79.9017,1
18.9725,69.4836,1
27.9339,75.8122,0
40.0287,78.7736,1
21.2239,54.6276,1
15.7223,71.0043,1
31.2862,57.2199,1
34.4965,72.8577,1
20.5564,69.5237,1
29.4631,49.9145,1
13.921,80.947,1
30.8144,79.985,0
31.6323,61.4198,0
30.8753,78.9301,0
39.9683,63.0887,1
42.1166,88.3611,1
16.474,68.1965,1
28.3187,70.912,0
31.1588,64.4078,0
19.2033,68.0188,1
19.4927,74.5503,1
32.2568,86.8198,1
31.1613,76.5258,0
31.9639,68.2433,0
39.4135,60.627,1
30.1425,83.3117,0
26.7792,86.4602,1
29.0884,68.0415,0
18.2941,63.1885,1
33.6038,81.8268,0
32.9045,67.1274,0
24.426,76.5337,0
26.3208,76.2171,0
36.022,71.6617,1
18.1015,67.0029,1
16.5264,76.4336,1
36.1087,83.1633,1
38.5568,69.818,1
11.1836,67.0418,1
25.2955,61.1455,0
29.6477,74.6706,0
40.6298,69.3703,1
21.529,64.5735,0
42.7796,73.2874,1
32.593,70.191,0
34.4345,84.2908,1
25.7921,84.1621,0
13.5488,80.8754,1
18.5881,81.7292,1
34.0335,70.7137,1
14.5739,68.2863,1
25.3296,58.5453,1
29.3857,48.8982,1
39.7686,65.5798,1
17.7201,75.4791,1
28.872,50.2057,1
41.4901,66.3595,1
17.3511,75.2308,1
19.4411,87.4225,1
29.3904,65.5337,0
29.3152,73.5952,0
31.26,82.4648,0
39.1286,54.7821,1
11.2863,67.7971,1
22.9651,75.7055,0
34.1816,68.5874,1
26.1612,60.3339,0
30.4668,95.4362,1
35.3223,63.808,1
23.5462,61.9129,0
18.7255,72.8589,1
27.0797,72.9322,0
21.9268,52.9034,1
44.2196,78.1729,1
25.8717,72.8147,0
26.0557,76.5675,0
42.3093,70.1059,1
15.7932,72.7711,1
11.2453,70.8922,1
30.5148,81.6528,0
24.3811,85.9973,1
41.0571,90.3397,1
31.0502,61.5561,0
34.8112,72.687,1
39.2814,64.7062,1
37.9645,55.6666,1
36.9464,61.1842,1
32.6665,84.4714,0
24.3576,86.3108,1
42.3956,78.8348,1
26.3494,67.8014,0
24.2976,65.4381,0
30.1601,81.5379,0
30.4276,76.0378,0
27.7945,80.4739,0
36.2156,79.889,1
12.6282,66.0179,1
9.51087,59.03,1
23.3164,81.4172,0
35.5201,59.6203,1
29.5024,65.8285,0
40.0055,74.9201,1
18.5293,69.6944,1
20.2261,76.659,1
31.2487,81.3684,0
19.202,48.5681,1
20.2426,59.3822,1
31.4552,93.909,1
31.6618,64.9453,0
26.5188,77.4489,0
31.6294,67.8698,0
21.8628,72.0046,0
12.7028,65.3877,1
24.3045,73.7498,0
29.4049,87.5598,1
26.0521,95.668,1
14.3837,72.2748,1
33.3821,72.7347,0
33.4663,79.7134,0
23.5756,75.3145,0
29.6101,73.2267,0
22.0394,86.9341,1
7.17828,66.8087,1
32.3142,68.4245,0
13.7874,68.3618,1
31.3896,76.5559,0
39.8217,76.3997,1
41.4274,77.561,1
32.6964,53.7142,1
31.6772,82.942,0
29.4134,78.6364,0
24.8151,65.2573,0
30.0919,81.1297,0
18.3408,83.7614,1
25.4792,67.9231,0
36.9283,68.3827,1
19.707,80.0952,1
32.5166,55.5663,1
38.9079,67.2849,1
37.0814,89.0179,1
29.0195,95.0839,1
21.3763,67.8429,0
17.393,72.8649,1
38.6659,67.0966,1
15.0808,55.804,1
31.4597,67.2608,0
36.0304,87.1554,1
38.7929,78.8112,1
34.2054,92.7021,1
34.7669,82.0408,1
39.7425,75.8798,1
29.5115,75.2423,0
22.114,71.226,0
19.1444,69.0945,1
42.6618,59.5666,1
34.4703,86.4437,1
39.8044,69.083,1
14.7618,82.161,1
33.2357,85.9066,1
28.392,74.7387,0
27.5405,72.3904,0
17.6388,74.5385,1
40.5941,62.8639,1
33.6837,78.1412,0
27.954,73.1807,0
32.786,63.3397,0
19.4097,76.4526,1
22.418,79.9917,0
36.319,75.431,1
17.7989,78.7741,1
30.3953,84.0349,0
28.7611,83.9372,0
33.8625,76.5006,0
14.217,68.7806,1
25.9768,81.1769,0
32.4012,87.931,1
33.5321,77.6534,0
16.7022,85.7412,1
30.076,70.8542,0
20.1552,85.8047,1
19.9709,74.5297,1
37.4753,78.5126,1
19.1879,70.2977,1
27.406,74.9148,0
22.6645,75.1826,0
18.9262,80.0337,1
37.3576,73.7844,1
9.985,92.5972,1
28.6965,73.2201,0
26.7059,64.4957,0
6.93106,69.1235,1
19.5379,67.0402,1
18.6983,67.9414,1
23.8161,72.2314,0
44.8256,91.6284,1
20.7254,61.0905,1
20.7275,58.4395,1
15.0926,88.9219,1
32.903,83.4181,0
37.569,82.1212,1
49.8166,90.7386,1
23.1362,73.0665,0
16.7753,66.9576,1
17.7482,74.7014,1
32.2573,67.7698,0
28.6828,89.2655,1
31.5777,74.8158,0
32.6631,74.7918,0
20.0216,62.6965,1
31.9978,78.7602,0
40.2579,81.8204,1
31.5513,93.7831,1
22.3517,71.1308,0
26.3924,67.2804,0
20.3063,61.9938,1
21.2631,79.88,0
33.5919,55.8659,1
26.9282,90.1232,1
27.4963,62.811,0
32.1624,71.9843,0
34.4966,79.5722,1
27.834,93.0989,1
23.7146,59.8113,1
26.1546,79.3796,0
18.8397,72.5112,1
3.14139,88.6719,1
27.1309,78.4913,0
34.8199,52.4085,1
22.7368,77.8484,0
16.6737,79.3549,1
29.3401,80.2442,0
31.4194,75.0247,0
31.801,77.0482,0
25.2215,82.06,0
24.5469,74.1952,0
18.7224,78.3183,1
30.8579,64.0963,0
23.931,71.5665,0
24.8534,79.8018,0
32.9439,95.7591,1
26.8399,61.1386,0
30.1029,74.446,0
30.0042,75.282,0
7.12395,77.901,1
30.6561,68.4825,0
11.9292,68.2286,1
20.442,61.9791,1
14.3807,68.2492,1
39.4247,80.7035,1
23.1412,78.0333,0
33.2231,74.7385,0
17.8432,81.454,1
23.4072,72.3843,0
35.6963,95.012,1
29.2731,79.8676,0
13.0554,71.1928,1
18.4166,62.4784,1
33.1287,91.3304,1
25.3823,65.7842,0
29.5431,88.2155,1
31.3267,93.07,1
36.4934,67.428,1
15.0129,91.0124,1
36.0266,77.0723,1
21.2882,77.7767,0
7.10569,72.7748,1
23.1914,80.1942,0
33.5652,66.1776,0
27.7013,72.3544,0
39.5022,67.8728,1
37.1443,69.1202,1
23.4774,67.3447,0
26.6765,76.1405,0
21.731,92.4639,1
14.7998,65.1272,1
25.8183,68.9267,0
12.9779,54.9334,1
28.2794,70.1636,0
30.9962,75.86,0
34.753,90.6758,1
30.0257,61.8825,0
15.2607,78.4609,1
35.9431,80.5518,1
36.8863,77.009,1
29.2019,56.7207,1
39.0714,74.0255,1
16.7916,97.3859,1
33.8898,65.1857,0
26.972,94.2843,1
24.2603,68.8193,0
25.2279,71.9074,0
25.8546,78.1073,0
27.7929,94.0184,1
19.7151,73.824,1
27.0484,75.9644,0
38.9305,62.5934,1
24.5415,54.677,1
11.7371,84.9095,1
22.4512,78.1345,0
36.6043,72.3364,1
31.0433,74.0986,0
25.5795,72.5268,0
37.1273,86.2453,1
49.898,68.198,1
14.1362,70.5355,1
37.3656,72.6287,1
25.9083,74.3625,0
20.0238,79.2339,1
24.3082,89.4094,1
18.2378,72.5526,1
2.81045,89.9007,1
23.4814,74.3307,0
29.8106,78.165,0
12.8217,51.3438,1
15.0634,80.2328,1
35.0969,70.2805,1
28.5225,77.1379,0
38.1258,88.6349,1
9.78361,61.4724,1
20.4837,75.9095,1
23.0326,68.8641,0
33.0338,83.5502,0
19.3259,66.9978,1
19.5151,92.115,1
25.8361,64.0776,0
39.9385,80.257,1
33.3745,92.5982,1
30.4182,81.9586,0
26.1122,71.0822,0
36.9441,62.264,1
29.4866,54.8867,1
26.7052,87.1522,1
32.068,79.4982,0
39.2631,71.8112,1
32.1703,68.7905,0
23.4839,77.1842,0
17.0712,68.246,1
23.8685,65.243,0
29.8812,72.5287,0
34.3781,85.5503,1
5.75254,87.4584,1
19.9246,79.7392,1
35.5888,78.9205,1
21.9705,66.7365,0
28.8603,82.1352,0
24.6588,66.8957,0
27.2091,75.8396,0
22.3041,75.1517,0
28.4302,72.1641,0
25.314,66.0701,0
15.7797,88.4516,1
29.7964,53.2059,1
10.1213,70.1629,1
24.5958,71.3913,0
22.9322,66.5075,0
24.3437,67.1951,0
31.8466,66.5808,0
35.2774,72.6073,1
25.1047,70.1941,0
16.7766,74.2552,1
19.8191,81.9996,1
16.8461,79.9295,1
32.749,88.3798,1
17.992,79.3559,1
7.2704,74.5925,1
39.2966,86.0489,1
27.7233,81.7811,0
24.4411,66.6142,0
44.875,71.271,1
22.7866,85.9695,1
16.626,78.6211,1
40.5569,75.2502,1
32.7418,76.8313,0
25.9402,72.8827,0
36.2625,82.7051,1
29.1159,63.6111,0
49.1047,76.0358,1
37.7479,68.2942,1
28.9355,79.246,0
34.3395,76.0515,1
26.7842,81.9959,0
23.9781,57.0852,1
14.6786,87.5624,1
14.409,69.537,1
36.8124,83.9847,1
30.9854,68.6846,0
21.5545,73.6318,0
28.8081,78.389,0
33.2639,54.3526,1
36.973,67.0626,1
29.401,66.1665,0
35.5189,86.1793,1
20.596,64.2066,1
39.4096,63.4061,1
17.2187,73.6382,1
18.0787,76.5646,1
29.7768,71.8599,0
39.3716,89.2753,1
28.8396,79.0625,0
22.6517,67.5002,0
37.6824,88.9476,1
17.5139,64.479,1
27.8741,66.739,0
39.242,73.756,1
32.5952,75.5392,0
31.4408,56.3972,1
29.8713,68.1442,0
31.2282,90.4986,1
37.6986,72.5654,1
13.1898,73.6052,1
24.5759,82.6657,0
29.909,83.2889,0
40.114,64.4945,1
31.1801,80.6603,0
17.6627,73.4508,1
39.3589,74.0766,1
19.9972,69.2068,1
8.8285,81.9551,1
18.6016,64.2489,1
26.2027,80.0934,0
20.9017,87.4947,1
32.3641,85.2917,1
41.0461,100,1
27.2695,72.6503,0
19.121,87.8996,1
29.1991,80.1152,0
22.166,77.4696,0
22.0899,64.8154,0
17.6536,65.6481,1
29.4695,67.5367,0
24.6451,80.5156,0
29.4252,80.4392,0
26.6928,87.2903,1
26.3738,68.462,0
37.5595,64.0952,1
35.5086,80.2594,1
37.055,71.0685,1
12.1779,72.223,1
30.994,62.8075,0
34.8669,83.5285,1
24.6887,74.0917,0
28.0444,90.8347,1
22.5362,78.8289,0
28.784,74.4582,0
14.7954,72.6888,1
25.4537,75.0542,0
15.6394,67.5431,1
14.154,67.0304,1
26.7076,62.1423,0
24.1853,74.9749,0
41.7076,82.5918,1
16.7494,68.8638,1
35.0484,78.5035,1
37.7587,85.3944,1
36.2612,75.6223,1
33.7205,68.7378,0
28.6374,78.7209,0
21.9928,83.7053,0
31.3078,66.8133,0
27.6021,81.5973,0
26.6927,75.6276,0
32.796,63.4136,0
36.9343,59.8999,1
32.1251,66.4307,0
30.2635,64.4029,0
19.0783,77.0892,1
14.0263,81.8795,1
37.6223,80.5661,1
23.8779,74.8282,0
26.8553,50.7111,1
26.7273,89.6648,1
32.709,72.7761,0
30.8927,66.3373,0
4.09317,69.139,1
35.0999,73.947,1
27.7948,79.2037,0
26.6628,91.4841,1
33.8456,64.4604,0
29.1403,74.1663,0
26.8079,71.5451,0
43.0543,76.0226,1
30.0832,67.4255,0
19.9023,77.7768,1
22.8085,80.6418,0
15.1512,93.8259,1
39.4334,71.9946,1
23.4403,80.2699,0
25.1058,78.4425,0
42.5437,73.5332,1
16.8223,67.9937,1
26.6619,65.2857,0
16.1655,79.2306,1
19.938,77.3475,1
36.2266,77.5173,1
23.081,73.1979,0
34.3929,89.841,1
29.775,73.9041,0
36.6543,70.382,1
31.902,100,1
34.1613,66.4959,1
30.3364,80.6678,0
37.3261,89.0153,1
10.8663,72.2232,1
41.4124,69.9079,1
21.1243,71.5382,0
32.3088,76.7592,0
30.5082,66.9497,0
35.8815,68.3163,1
38.1608,78.6509,1
31.2883,71.812,0
32.8908,76.7067,0
42.6929,77.783,1
28.5783,72.6842,0
23.6471,67.3206,0
16.0673,77.3005,1
27.4611,80.003,0
25.9871,92.8226,1
22.2629,78.8792,0
27.398,57.2146,1
36.3443,64.2367,1
22.1513,65.6386,0
11.6043,73.5036,1
32.3857,71.4717,0
23.3758,74.0844,0
18.7111,74.2238,1
26.4889,86.2386,1
24.2297,70.5092,0
23.3368,72.9186,0
32.0195,74.4976,0
32.5407,75.3109,0
42.1963,74.7815,1
14.1447,78.6067,1
23.0337,65.5236,0
18.8513,85.8674,1
30.7267,70.0613,0
36.4188,68.7766,1
19.1277,71.3112,1
19.5718,82.4663,1
10.0004,76.1726,1
35.1853,96.5518,1
33.2966,71.7567,0
22.2224,85.9497,1
29.6035,62.1766,0
34.9872,78.143,1
30.4534,75.6056,0
14.8765,64.173,1
35.2914,97.3718,1
23.3273,78.4853,0
11.0714,68.7822,1
25.5212,63.7037,0
31.4307,72.9662,0
44.8715,69.0104,1
30.359,80.2019,0
19.8307,68.5982,1
26.3033,83.039,0
36.6239,85.832,1
26.6487,67.4879,0
23.4378,79.0292,0
27.0096,74.3867,0
16.0342,87.3624,1
32.5998,59.1316,1
19.8521,79.2087,1
32.0273,69.4573,0
29.3866,66.5,0
26.1824,79.8518,0
20.6445,75.4777,1
40.7286,61.2965,1
32.6718,77.9072,0
29.0578,62.6051,0
21.709,76.1076,0
48.5552,73.3434,1
35.3666,74.1821,1
37.8692,80.5544,1
24.5065,65.9883,0
40.9571,86.4141,1
18.3069,74.2697,1
26.1229,74.227,0
32.6693,65.4332,0
36.6128,78.9935,1
31.1768,65.3541,0
17.9578,61.1664,1
26.6914,83.4329,0
32.6901,66.9076,0
17.3323,87.9146,1
40.5346,56.3391,1
37.6898,72.2326,1
32.4637,100,1
26.2123,65.8921,0
15.5417,50.3688,1
29.8667,63.5449,0
38.1701,81.2797,1
29.3072,59.9709,1
34.6795,76.3691,1
21.3625,67.4196,0
16.6574,86.8232,1
33.1519,82.4826,0
26.0836,58.3912,1
29.4245,69.982,0
36.6573,74.1191,1
26.0528,81.4298,0
34.1189,64.7175,1
20.5578,66.3352,1
31.7243,65.4047,0
34.8146,80.8952,1
24.2401,70.6737,0
20.3586,100,1
12.5711,80.8418,1
30.6298,54.4664,1
24.5346,51.6394,1
28.7938,78.1148,0
21.3671,60.5188,0
36.6066,79.5337,1
39.3596,66.6434,1
36.364,73.8564,1
44.5853,72.3007,1
28.9404,73.063,0
29.1753,82.1497,0
28.2732,67.2839,0
30.5253,72.906,0
26.4917,80.405,0
19.8801,84.5059,1
21.3484,82.9599,0
27.8861,78.4756,0
21.1667,70.8575,0
15.5016,63.4274,1
33.1529,81.3145,0
9.0416,83.0309,1
30.6787,85.9575,1
19.3523,75.8638,1
24.0202,73.2241,0
24.0076,79.2536,0
26.1148,76.3793,0
30.7043,72.2655,0
19.3805,66.1274,1
39.2641,79.3337,1
34.4256,72.6722,1
32.2152,67.9952,0
25.9768,75.794,0
32.739,72.6605,0
44.6601,82.9276,1
24.3562,70.9227,0
40.174,55.5803,1
33.521,73.0156,0
22.2764,70.5954,0
26.7996,88.2779,1
41.2935,73.8975,1
30.7241,77.7179,0
26.1868,66.7493,0
34.0304,84.5708,1
29.4178,76.4083,0
35.2309,67.5472,1
24.3297,85.3602,1
40.4809,81.3764,1
25.2601,86.052,1
13.6066,78.3683,1
18.9683,70.6662,1
27.4414,70.929,0
9.55479,88.9056,1
33.1075,88.5652,1
28.5312,75.5048,0
18.8069,79.6253,1
24.3874,77.7487,0
23.9232,87.0891,1
29.0669,79.6707,0
39.1666,59.8598,1
23.215,74.4051,0
33.5772,59.2294,1
29.8954,97.9696,1
20.1404,75.6725,1
12.1295,74.3547,1
32.8021,89.4629,1
44.7083,99.1456,1
28.8041,92.4919,1
26.1818,61.1426,0
29.3206,79.5039,0
31.2873,54.1164,1
30.3202,77.7182,0
31.2282,75.3667,0
20.2703,57.6532,1
18.1928,72.3699,1
30.4242,81.537,0
31.9823,84.4661,0
28.2922,69.0795,0
22.1426,87.5082,1
39.0458,95.0889,1
30.5583,77.2956,0
33.2545,74.5569,0
32.6117,100,1
26.1317,74.3882,0
35.169,79.1238,1
29.3768,76.6214,0
20.0123,86.9602,1
24.4945,66.5427,0
17.26,79.9757,1
17.9096,60.9498,1
25.71,69.8698,0
19.5291,89.0877,1
25.4464,61.0858,0
38.1631,80.8519,1
34.8082,86.0048,1
45.5574,88.3217,1
19.6973,83.759,1
22.4689,61.6453,0
24.1797,63.0989,0
30.1504,67.5169,0
29.2428,64.7557,0
16.5607,69.0392,1
23.1764,75.2628,0
28.0838,78.6383,0
9.22234,71.32,1
21.9127,72.9729,0
19.774,72.5567,1
22.5706,64.829,0
27.9695,61.5037,0
22.022,54.4734,1
21.8164,82.6055,0
15.6367,59.253,1
23.5167,73.6232,0
27.8633,92.6256,1
28.9456,76.1832,0
27.6292,74.944,0
14.654,69.2175,1
16.3147,81.9583,1
21.7544,67.4909,0
20.9963,76.1417,1
13.9552,82.562,1
31.5713,84.9174,0
25.5932,90.6828,1
26.5599,84.1257,0
40.022,73.1125,1
33.3559,79.5783,0
29.9089,78.5284,0
30.1593,53.5884,1
26.2337,72.815,0
32.4918,50.1066,1
31.2325,68.999,0
31.8961,86.5926,1
13.0836,72.14,1
33.2215,76.6226,0
30.2738,71.3802,0
30.333,89.4115,1
24.3044,64.2833,0
39.9405,80.6302,1
41.5361,77.825,1
25.2663,79.6474,0
17.0656,88.6572,1
37.7272,67.4091,1
2.3868,60.7233,1
22.4657,82.1844,0
19.3274,89.9258,1
22.7856,71.3229,0
23.427,75.0145,0
19.4295,67.7456,1
7.37688,70.45,1
32.0258,64.691,0
17.7752,90.9331,1
17.2391,72.3853,1
30.2038,54.6393,1
37.9808,88.1917,1
27.518,73.1984,0
31.3678,61.3714,0
20.9109,72.1714,1
24.8657,72.9492,0
47.598,88.1388,1
40.1096,75.1316,1
25.7931,74.3809,0
22.2137,72.5597,0
32.1301,70.3887,0
22.5049,86.5364,1
25.6031,87.3,1
38.7287,78.8996,1
37.4546,89.1632,1
27.299,83.4678,0
41.1156,74.7988,1
24.7344,70.2635,0
30.7278,66.9647,0
23.3872,75.1884,0
26.5817,73.4475,0
13.0224,64.0343,1
20.6187,71.3744,1
32.8032,58.8124,1
34.4854,65.3667,1
26.6071,76.3897,0
21.4767,64.0588,0
27.7723,82.269,0
25.7689,82.7458,0
19.8498,81.8678,1
13.9641,78.5977,1
6.65369,74.5868,1
29.8695,57.0113,1
37.2347,59.8381,1
25.6139,77.235,0
29.5666,63.8988,0
25.488,82.0506,0
44.5775,81.2629,1
38.9196,89.2608,1
40.4112,63.3105,1
31.6862,55.5774,1
28.1972,88.6343,1
12.9779,68.41,1
46.121,56.4577,1
20.7149,69.9724,1
23.2664,74.2292,0
21.6267,76.1271,0
19.5418,71.5008,1
15.1716,56.6252,1
24.1959,70.5875,0
34.83,70.4136,1
9.73809,68.4058,1
27.5476,72.5364,0
24.5668,52.49,1
42.6679,72.8561,1
32.832,88.9401,1
15.9014,76.5261,1
27.3118,73.6912,0
28.0887,56.9464,1
33.7826,66.8666,0
32.1287,68.4777,0
32.7976,72.8822,0
33.9077,71.2357,0
31.7179,64.9631,0
34.0761,59.6645,1
32.1333,61.1537,0
27.4352,63.5272,0
16.4381,71.3596,1
11.3774,63.2406,1
38.3629,68.9683,1
39.1595,64.1671,1
28.8506,78.3481,0
32.5788,75.8694,0
31.4337,71.1382,0
28.9614,81.8138,0
41.3296,76.6507,1
33.7805,85.7673,1
27.0712,61.9994,0
37.3667,84.2366,1
42.7734,72.5165,1
26.9944,81.2569,0
45.0812,89.7938,1
33.4323,70.2809,0
21.8608,57.2443,1
37.4821,77.276,1
7.78457,95.7338,1
6.23975,59.7632,1
37.3414,79.5178,1
35.6556,67.5481,1
11.5972,74.8833,1
33.7862,78.9166,0
33.7633,64.1179,0
33.3103,84.4183,0
8.97893,72.7624,1
18.1548,87.5075,1
28.3896,69.481,0
31.947,68.0253,0
37.3248,97.1371,1
19.264,81.0948,1
34.8299,69.8604,1
32.374,67.6405,0
31.6537,69.3052,0
36.9018,79.3185,1
34.8159,68.019,1
26.1394,69.8993,0
41.1215,68.7582,1
48.0119,83.6699,1
22.5755,95.5412,1
36.9612,73.5528,1
21.5137,61.052,0
26.859,75.0109,0
21.5701,68.2951,0
43.0218,87.4345,1
42.4657,83.9451,1
25.2985,63.5765,0
38.2047,69.6889,1
22.7923,61.7425,0
35.9254,68.5343,1
28.4001,84.3043,0
32.1369,88.81,1
17.3875,95.1992,1
26.2725,75.13,0
24.9004,92.4634,1
27.9573,70.4966,0
34.4623,71.4236,1
23.1313,57.1494,1
30.1939,65.2787,0
42.0746,65.7921,1
23.5325,91.9136,1
29.2527,73.3753,0
22.9008,68.0429,0
21.4798,59.0144,1
25.4675,75.0225,0
22.8549,57.7825,1
45.1815,63.7081,1
27.6981,78.9204,0
23.8798,78.3715,0
22.8174,70.5259,0
20.4649,67.6587,1
27.6005,66.3733,0
40.1012,80.5289,1
29.2274,92.371,1
36.8281,82.1709,1
21.8399,79.5776,0
40.2551,72.8765,1
15.8048,70.0124,1
36.9297,82.9103,1
25.55,67.2856,0
40.7932,83.8533,1
24.9236,85.1587,1
31.1737,79.6484,0
27.0986,53.4785,1
20.4367,74.1316,1
14.1691,68.9178,1
40.9393,76.4329,1
29.2378,65.2498,0
31.1322,72.2282,0
32.2988,65.3184,0
10.12,69.1972,1
24.6609,82.214,0
29.2896,71.7819,0
26.5268,72.5322,0
14.3816,81.0553,1
27.2366,69.4264,0
34.6516,73.9286,1
22.5368,65.8983,0
27.1935,57.6668,1
32.686,51.8923,1
22.6769,65.0852,0
23.77,71.165,0
31.8514,74.4158,0
36.6646,86.9574,1
32.8204,65.7475,0
11.9762,86.9979,1
33.3358,69.1077,0
23.8736,73.7289,0
33.8161,79.227,0
24.7556,65.6671,0
13.2829,70.4837,1
22.3682,70.7583,0
14.8784,62.6268,1
26.1894,76.1719,0
30.4111,64.7083,0
28.0433,51.2675,1
36.8966,71.0892,1
29.6793,90.2869,1
33.9989,78.9882,0
22.5328,76.2058,0
26.5083,75.9701,0
38.5103,77.0402,1
39.7527,75.8067,1
37.0638,86.2291,1
44.0543,65.3187,1
32.8192,63.2119,0
15.7266,76.3718,1
27.3582,80.418,0
7.19753,100,1
21.9651,82.4073,0
13.7106,69.2658,1
20.5048,66.8545,1
24.5508,77.9669,0
35.2145,82.3487,1
13.1437,81.4915,1
20.7864,72.4436,1
17.083,60.91,1
12.9814,76.4825,1
39.0204,68.7604,1
38.0404,94.0538,1
25.5838,87.1936,1
30.0171,63.3783,0
20.0493,77.2478,1
28.5484,81.0887,0
23.0194,76.9277,0
26.1456,67.7949,0
22.6708,66.8047,0
19.6771,75.3573,1
13.5618,73.6204,1
27.7287,82.2267,0
37.8108,81.4386,1
13.97,84.6573,1
38.1532,83.0727,1
17.8041,90.6646,1
23.5141,70.2599,0
29.2667,81.4894,0
22.683,79.9904,0
36.1751,61.8956,1
28.767,70.9809,0
19.4073,78.35,1
31.429,79.8405,0
35.1633,66.1783,1
15.7248,67.719,1
33.1813,74.7,0
16.9628,65.5085,1
45.0819,75.9745,1
29.9175,73.7505,0
22.3106,82.5448,0
30.0217,66.2284,0
17.6134,78.449,1
23.4542,92.7025,1
35.4593,98.2271,1
16.963,84.0908,1
26.0899,76.408,0
33.1989,71.3556,0
22.1165,73.2756,0
32.6101,70.4655,0
19.8839,83.9718,1
24.6486,88.5072,1
35.9358,67.0205,1
29.8213,83.8136,0
28.4723,66.3721,0
21.9889,75.4721,0
29.5113,88.6136,1
26.3082,75.0709,0
22.6672,79.3727,0
22.4663,69.7933,0
17.3794,74.0359,1
23.904,62.3421,0
20.8134,62.1134,1
30.4669,65.2221,0
37.203,63.617,1
22.4371,72.1751,0
32.9713,83.9358,0
17.0876,88.5375,1
18.1599,73.5316,1
28.1101,67.2625,0
14.3848,63.4015,1
23.4032,75.6215,0
25.9673,75.7319,0
43.7554,65.8617,1
35.0955,68.6304,1
28.9937,57.7407,1
35.4639,69.785,1
17.0887,69.875,1
14.4127,78.5801,1
21.9313,59.8554,1
20.9822,58.8182,1
47.0083,66.0131,1
24.8201,87.4437,1
13.1149,80.2806,1
30.836,79.5881,0
37.9592,75.8639,1
16.7415,71.7496,1
16.9696,80.6219,1
20.0378,82.2622,1
30.6826,68.7454,0
21.4667,84.4162,0
24.4939,90.5931,1
39.0079,79.9311,1
36.4312,66.1534,1
23.2174,95.0248,1
23.6741,89.4412,1
21.7678,64.7015,0
26.8232,76.9509,0
3.86078,83.6062,1
6.08786,71.1685,1
20.3125,73.9672,1
17.6709,82.0883,1
24.8446,80.4847,0
17.0296,64.1548,1
24.9067,79.5955,0
29.5409,69.9662,0
25.1505,91.0932,1
30.0723,82.9285,0
18.241,62.5786,1
24.745,69.5362,0
23.5759,90.6181,1
23.9649,63.669,0
13.8372,69.7296,1
22.2684,75.3342,0
16.9024,79.9668,1
33.7157,78.1102,0
30.6292,81.8692,0
24.9376,80.3466,0
31.8761,74.5196,0
28.8386,70.7029,0
41.5111,87.3519,1
27.9904,57.0618,1
39.5238,69.5474,1
34.2448,71.3536,1
34.4138,77.5631,1
46.7636,63.4433,1
46.8859,63.3464,1
29.1071,81.7924,0
13.6798,60.714,1
26.1278,74.6915,0
35.5612,73.5604,1
24.8578,63.8582,0
37.6303,64.5022,1
15.8933,73.4853,1
17.1614,72.2623,1
22.7877,81.286,0
31.1702,84.8957,0
27.4937,78.66,0
20.3408,60.4303,1
21.7685,87.5007,1
27.0142,73.3969,0
30.2372,88.6119,1
27.7259,66.6003,0
31.1905,67.4501,0
21.8874,74.2159,0
41.5727,56.2496,1
13.7634,51.3724,1
25.8295,87.9897,1
35.2046,62.1576,1
37.4008,75.7469,1
33.8652,53.9451,1
17.3516,60.2436,1
27.7355,77.7856,0
20.091,80.6066,1
30.7432,70.1648,0
22.7973,62.8379,0
21.0188,65.3142,0
30.4267,67.257,0
26.9489,78.3966,0
17.0399,77.7925,1
34.3917,70.6248,1
29.9712,59.5607,1
36.8521,75.5449,1
29.3237,73.4306,0
38.3923,71.5414,1
34.1417,65.9456,1
21.6346,64.9389,0
27.5214,82.916,0
20.7587,91.4726,1
31.9392,59.5411,1
34.1002,84.8406,1
12.6626,79.1555,1
30.3502,76.1088,0
42.5802,60.4489,1
22.1059,79.3938,0
36.0681,73.8143,1
25.4177,93.2134,1
30.6528,76.2731,0
33.7289,67.386,0
27.3914,78.736,0
24.6808,69.4124,0
27.0798,72.6349,0
33.9709,85.0139,1
24.7035,67.1805,0
29.9873,71.3477,0
23.8735,72.5818,0
33.5354,77.9757,0
26.0761,76.56,0
37.9544,67.2439,1
35.7976,72.7149,1
33.5497,73.0829,0
26.1304,64.3846,0
20.9823,94.7809,1
39.3732,74.6931,1
25.0159,71.3345,0
16.9165,69.6781,1
33.7107,74.9674,0
29.3663,84.2144,0
17.5646,67.592,1
30.1381,79.9628,0
5.48756,85.018,1
26.579,92.4588,1
27.0278,79.2073,0
28.8488,67.2755,0
28.2763,70.9853,0
-1.20521,54.8538,1
38.692,69.3668,1
31.9649,82.5813,0
26.3833,91.5862,1
13.0233,70.2923,1
20.6194,80.087,1
34.5369,61.2989,1
22.2191,77.9503,0
34.4077,73.5726,1
26.7709,71.4334,0
45.0009,66.0954,1
22.9091,81.6108,0
21.5881,75.6026,0
25.4061,58.6805,1
20.9662,76.471,1
37.7842,78.8877,1
40.155,89.0546,1
32.8044,63.5495,0
6.86104,70.8686,1
25.8365,67.9002,0
20.8384,83.0435,1
48.7709,71.2184,1
42.4605,80.7239,1
29.1833,78.482,0
31.8517,72.5976,0
42.6697,87.2082,1
28.2057,63.8849,0
36.2845,64.8954,1
30.4361,75.9054,0
24.1772,74.2617,0
46.5647,87.2095,1
29.6646,80.4212,0
29.5966,51.3967,1
31.7569,67.7698,0
30.3994,67.6123,0
28.9705,85.889,1
24.9459,51.8048,1
41.3722,68.6796,1
12.555,61.6424,1
41.1455,90.6937,1
33.5766,60.6704,0
30.0157,66.7745,0
6.0623,73.0261,1
32.4769,76.1074,0
20.7413,69.8304,1
33.4386,82.961,0
23.9918,76.3036,0
33.4699,86.7508,1
26.454,85.8967,1
24.0939,75.8307,0
33.1665,76.9958,0
18.9303,71.1534,1
22.1496,80.2352,0
41.0145,73.8571,1
29.1892,59.8441,1
42.3737,80.354,1
22.6181,89.8636,1
15.1762,77.5576,1
38.6468,87.3095,1
29.2913,71.346,0
27.674,93.649,1
23.7635,58.8314,1
29.3851,74.7337,0
29.5517,64.7058,0
27.0396,84.9406,0
29.3609,86.6976,1
16.4442,58.0552,1
30.8317,71.7971,0
30.8513,83.2317,0
28.2603,91.1828,1
22.7987,59.3803,1
46.8092,81.0849,1
32.1868,82.1285,0
28.0033,81.3984,0
45.0544,68.8904,1
24.6132,67.32,0
14.6715,68.503,1
14.6872,73.142,1
31.4844,64.1675,0
29.4879,71.8802,0